번호,교과구분,개설대학,강좌번호,강의시간,1,2,1T,2T,수강정원,수강신청인원
1,교양,경북대학교(총괄),CLTR0090-001,월 1A1B2A수 2B3A3B,월,수,10:30,9:00,70,27
2,교양,경북대학교(총괄),CLTR0090-002,화 1A1B2A목 2B3A3B,화,목,10:30,9:00,70,65
3,교양,경북대학교(총괄),CLTR0752-001,월 1A1B2A수 2B3A3B,월,수,10:30,9:00,70,61
4,교양,인문대학,CLTR0210-028,월 1A1B2A수 2B3A3B,월,수,10:30,9:00,30,25
5,교양,인문대학,CLTR0001-001,월 1A1B2A수 2B3A3B,월,수,10:30,9:00,70,19
6,,,CLTR0044-003,수 1A1B2A금 2B3A3B,수,금,10:30,9:00,70,48
7,교양,인문대학,CLTR0053-001,월 2B3A3B금 1A1B2A,월,금,9:00,10:30,70,51
8,교양,인문대학,CLTR0053-002,화 1A1B2A목 2B3A3B,화,목,10:30,9:00,70,56
9,,,KORL0443-001,화 1A1B2A목 2B3A3B,화,목,10:30,9:00,70,58
10,교양,인문대학,KORL0449-001,월 1A1B2A수 2B3A3B,월,수,10:30,9:00,40,19
11,,,KORL0500-001,수 1A1B2A금 2B3A3B,수,금,10:30,9:00,70,9
12,전공,인문대학,KORL0522-001,화 2B3A3B목 1A1B2A,화,목,9:00,10:30,70,21
13,전공,인문대학,KORL0598-001,화 2B3A3B목 1A1B2A,화,목,9:00,10:30,40,26
14,전공,인문대학,CLTR0021-002,수 1A1B2A금 2B3A3B,수,금,10:30,9:00,70,77
15,전공,인문대학,CLTR0034-002,월 1A1B2A수 2B3A3B,월,수,10:30,9:00,70,68
16,전공,인문대학,CLTR0101-001,월 2B3A3B금 1A1B2A,월,금,9:00,10:30,70,82
17,교양,인문대학,ENGL0245-001,월 1A1B2A수 2B3A3B,월,수,10:30,9:00,70,75
18,,,ENGL0261-001,화 1A1B2A목 2B3A3B,화,목,10:30,9:00,70,39
19,교양,인문대학,ENGL0292-001,화 2B3A3B목 1A1B2A,화,목,9:00,10:30,70,87
20,,,ENGL0351-001,화 1A1B2A목 2B3A3B,화,목,10:30,9:00,70,72
21,교양,인문대학,ENGL0365-001,월 1A1B2A수 2B3A3B,월,수,10:30,9:00,70,66
22,전공,인문대학,ENGL0422-001,월 2B3A3B금 1A1B2A,월,금,9:00,10:30,70,28
23,전공,인문대학,ENGL0441-001,월 2B3A3B금 1A1B2A,월,금,9:00,10:30,30,30
24,전공필수,인문대학,ENGL0443-001,화 1A1B2A목 2B3A3B,화,목,10:30,9:00,70,6
25,전공,인문대학,ENGL0450-002,수 1A1B2A금 2B3A3B,수,금,10:30,9:00,30,26
26,전공,인문대학,ENGL0464-001,화 2B3A3B목 1A1B2A,화,목,9:00,10:30,70,70
27,전공,인문대학,TCHR0473-001,화 1A1B2A목 2B3A3B,화,목,10:30,9:00,30,7
28,전공,인문대학,TCHR0623-001,화 2B3A3B목 1A1B2A,화,목,9:00,10:30,30,5
29,전공,인문대학,CLTR0023-001,화 2B3A3B목 1A1B2A,화,목,9:00,10:30,50,4
30,전공,인문대학,CLTR0503-001,수 1A1B2A금 2B3A3B,수,금,10:30,9:00,70,7
31,전공,인문대학,FRAN0211-001,화 1A1B2A목 2B3A3B,화,목,10:30,9:00,20,15
32,교직,인문대학,FRAN0234-001,화 2B3A3B목 1A1B2A,화,목,9:00,10:30,70,24
33,교직,인문대학,FRAN0362-001,화 2B3A3B목 1A1B2A,화,목,9:00,10:30,70,9
34,교양,인문대학,FRAN0449-001,화 1A1B2A목 2B3A3B,화,목,10:30,9:00,70,30
35,,,CLTR0131-001,화 1A1B2A목 2B3A3B,화,목,10:30,9:00,70,74
36,교양,인문대학,CLTR0210-002,화 2B3A3B목 1A1B2A,화,목,9:00,10:30,30,28
37,,,CLTR0210-029,화 1A1B2A목 2B3A3B,화,목,10:30,9:00,30,21
38,전공기초,인문대학,CUCD0303-001,화 1A1B2A목 2B3A3B,화,목,10:30,9:00,70,9
39,전공기초,인문대학,GERL0451-001,화 2B3A3B목 1A1B2A,화,목,9:00,10:30,20,7
40,전공,인문대학,GERL0506-001,화 2B3A3B목 1A1B2A,화,목,9:00,10:30,70,70
41,전공,인문대학,CHIL0316-002,화 1A1B2A목 2B3A3B,화,목,10:30,9:00,40,9
42,교양,인문대학,CHIL0351-001,월 1A1B2A수 2B3A3B,월,수,10:30,9:00,20,19
43,교양,인문대학,CHIL0351-002,화 2B3A3B목 1A1B2A,화,목,9:00,10:30,23,15
44,교양,인문대학,CHIL0365-001,수 1A1B2A금 2B3A3B,수,금,10:30,9:00,50,19
45,,,CHIL0371-001,화 1A1B2A목 2B3A3B,화,목,10:30,9:00,20,6
46,융합전공,인문대학,CHIL0371-002,수 1A1B2A금 2B3A3B,수,금,10:30,9:00,20,7
47,전공,인문대학,CHIL0393-001,월 1A1B2A수 2B3A3B,월,수,10:30,9:00,50,16
48,전공,인문대학,CHIL0567-001,화 2B3A3B목 1A1B2A,화,목,9:00,10:30,30,30
49,전공필수,인문대학,CLTR0011-002,월 1A1B2A수 2B3A3B,월,수,10:30,9:00,50,42
50,전공,인문대학,CLTR0554-001,월 1A1B2A수 2B3A3B,월,수,10:30,9:00,50,32
51,전공,인문대학,CLTR0016-002,화 2B3A3B목 1A1B2A,화,목,9:00,10:30,70,46
52,전공,인문대학,CLTR0038-001,수 1A1B2A금 2B3A3B,수,금,10:30,9:00,50,48
53,전공,인문대학,CLTR0040-001,월 1A1B2A수 2B3A3B,월,수,10:30,9:00,50,10
54,전공,인문대학,CLTR0043-002,월 1A1B2A수 2B3A3B,월,수,10:30,9:00,80,78
55,전공,인문대학,CLTR0101-002,수 1A1B2A금 2B3A3B,수,금,10:30,9:00,70,75
56,전공기초,인문대학,CLTR0474-001,월 2B3A3B금 1A1B2A,월,금,9:00,10:30,90,83
57,,,CLTR0577-001,화 1A1B2A목 2B3A3B,화,목,10:30,9:00,80,74
58,교양,인문대학,CLTR0578-001,월 2B3A3B금 1A1B2A,월,금,9:00,10:30,70,5
59,,,HIST0211-001,화 2B3A3B목 1A1B2A,화,목,9:00,10:30,60,26
60,교양,인문대학,HIST0232-001,화 2B3A3B목 1A1B2A,화,목,9:00,10:30,60,23
61,교양,인문대학,HIST0234-001,화 1A1B2A목 2B3A3B,화,목,10:30,9:00,60,59
62,교양,인문대학,HIST0352-001,월 2B3A3B금 1A1B2A,월,금,9:00,10:30,60,56
63,,,HIST0411-001,수 1A1B2A금 2B3A3B,수,금,10:30,9:00,60,28
64,교양,인문대학,HIST0527-001,화 1A1B2A목 2B3A3B,화,목,10:30,9:00,60,43
65,,,TCHR0472-001,수 1A1B2A수 2B3A3B,수,수,10:30,9:00,10,5
66,교양,인문대학,CLTR0048-001,화 2B3A3B목 1A1B2A,화,목,9:00,10:30,70,70
67,,,CLTR0067-001,월 1A1B2A수 2B3A3B,월,수,10:30,9:00,70,68
68,교양,인문대학,CLTR0571-001,월 1A1B2A수 2B3A3B,월,수,10:30,9:00,70,50
69,교양,인문대학,PHIL0322-001,화 2B3A3B목 1A1B2A,화,목,9:00,10:30,90,93
70,,,PHIL0344-001,수 1A1B2A금 2B3A3B,수,금,10:30,9:00,70,69
71,교양,인문대학,PHIL0454-001,화 1A1B2A목 2B3A3B,화,목,10:30,9:00,70,37
72,,,PHIL0585-001,월 2B3A3B금 1A1B2A,월,금,9:00,10:30,70,7
73,,,ARAN0212-001,화 2B3A3B목 1A1B2A,화,목,9:00,10:30,70,54
74,교양,인문대학,ARAN0318-001,화 1A1B2A목 2B3A3B,화,목,10:30,9:00,25,25
75,,,ARAN0333-001,월 1A1B2A수 2B3A3B,월,수,10:30,9:00,70,49
76,전공,인문대학,ARAN0526-001,월 1A1B2A수 2B3A3B,월,수,10:30,9:00,70,10
77,전공,인문대학,CLTR0046-001,화 1A1B2A목 2B3A3B,화,목,10:30,9:00,90,89
78,전공심화,인문대학,CLTR0094-003,화 1A1B2A목 2B3A3B,화,목,10:30,9:00,70,67
79,전공,인문대학,CLTR0210-003,화 1A1B2A목 2B3A3B,화,목,10:30,9:00,30,30
80,전공,인문대학,CLTR0796-001,월 2B3A3B금 1A1B2A,월,금,9:00,10:30,70,13
81,전공필수,인문대학,CLTR0032-001,화 1A1B2A목 2B3A3B,화,목,10:30,9:00,50,40
82,교직,인문대학,CLTR0128-001,화 2B3A3B목 1A1B2A,화,목,9:00,10:30,70,70
83,교양,인문대학,CLTR0583-001,화 2B3A3B목 1A1B2A,화,목,9:00,10:30,70,82
84,,,JPNL0202-001,월 2B3A3B수 1A1B2A,월,수,9:00,10:30,20,20
85,교양,인문대학,JPNL0202-002,수 2B3A3B금 1A1B2A,수,금,9:00,10:30,20,14
86,교양,인문대학,JPNL0202-003,월 2B3A3B금 1A1B2A,월,금,9:00,10:30,20,10
87,,,JPNL0301-002,월 1A1B2A수 2B3A3B,월,수,10:30,9:00,50,19
88,융합전공,인문대학,JPNL0305-001,화 2B3A3B목 1A1B2A,화,목,9:00,10:30,50,15
89,전공,인문대학,JPNL0312-001,월 1A1B2A수 2B3A3B,월,수,10:30,9:00,50,20
90,전공심화,인문대학,JPNL0401-001,수 1A1B2A금 2B3A3B,수,금,10:30,9:00,20,17
91,전공심화,인문대학,JPNL0528-001,화 1A1B2A목 2B3A3B,화,목,10:30,9:00,50,41
92,전공,인문대학,JPNL0530-001,화 2B3A3B목 1A1B2A,화,목,9:00,10:30,50,28
93,전공,인문대학,CLTR0016-003,수 1A1B2A금 2B3A3B,수,금,10:30,9:00,70,66
94,전공,인문대학,CLTR0017-001,월 2B3A3B금 1A1B2A,월,금,9:00,10:30,70,69
95,전공,인문대학,CLTR0017-002,화 2B3A3B목 1A1B2A,화,목,9:00,10:30,70,69
96,교양,인문대학,CLTR0210-005,화 1A1B2A목 2B3A3B,화,목,10:30,9:00,30,22
97,,,KLCC0361-001,화 1A1B2A목 2B3A3B,화,목,10:30,9:00,70,19
98,교양,인문대학,KLCC0423-001,화 1A1B2A목 2B3A3B,화,목,10:30,9:00,70,15
99,,,KLCC0431-001,화 2B3A3B목 1A1B2A,화,목,9:00,10:30,70,13
100,교양,인문대학,KLCC0521-001,월 1A1B2A수 2B3A3B,월,수,10:30,9:00,70,14
101,교양,인문대학,CLTR0132-002,화 2B3A3B목 1A1B2A,화,목,9:00,10:30,70,20
102,,,CLTR0255-001,수 1A1B2A금 2B3A3B,수,금,10:30,9:00,70,70
103,,,CLTR0458-001,월 2B3A3B금 1A1B2A,월,금,9:00,10:30,70,68
104,교양,인문대학,CLTR0508-001,화 1A1B2A목 2B3A3B,화,목,10:30,9:00,95,96
105,교양,인문대학,CLTR0613-001,화 2B3A3B목 1A1B2A,화,목,9:00,10:30,70,17
106,교양,인문대학,RUSS0316-001,화 2B3A3B목 1A1B2A,화,목,9:00,10:30,30,16
107,,,RUSS0345-001,월 2B3A3B금 1A1B2A,월,금,9:00,10:30,20,12
108,전공기초,인문대학,RUSS0345-002,수 1A1B2A금 2B3A3B,수,금,10:30,9:00,20,21
109,전공기초,인문대학,RUSS0518-001,화 1A1B2A목 2B3A3B,화,목,10:30,9:00,50,26
110,전공기초,인문대학,RUSS0524-001,월 2B3A3B금 1A1B2A,월,금,9:00,10:30,50,3
111,전공기초,인문대학,TCHR0480-001,수 1A1B2A금 2B3A3B,수,금,10:30,9:00,10,4
112,전공필수,인문대학,TCHR0591-001,화 1A1B2A목 2B3A3B,화,목,10:30,9:00,10,1
113,전공,인문대학,COMP0209-001,화 1A1B화 2A2B화 3A3B화 4A4B,화,화,10:00,9:00,40,6
114,전공,인문대학,NOCT0212-001,화 1A1B2A목 2B3A3B,화,목,10:30,9:00,50,10
115,전공,인문대학,CLTR0061-001,월 1A1B2A수 2B3A3B,월,수,10:30,9:00,70,58
116,전공,인문대학,CLTR0588-001,월 2B3A3B금 1A1B2A,월,금,9:00,10:30,70,31
117,교양,인문대학,POLI0212-001,화 2B3A3B목 1A1B2A,화,목,9:00,10:30,70,55
118,,,POLI0499-001,화 1A1B2A목 2B3A3B,화,목,10:30,9:00,70,40
119,교양,인문대학,CLTR0067-002,월 1A1B2A수 2B3A3B,월,수,10:30,9:00,70,63
120,교양,인문대학,CLTR0190-001,화 2B3A3B목 1A1B2A,화,목,9:00,10:30,70,69
121,,,CLTR0682-001,수 1A1B2A금 2B3A3B,수,금,10:30,9:00,70,35
122,교양,인문대학,SOCI0211-001,화 1A1B2A목 2B3A3B,화,목,10:30,9:00,70,41
123,,,SOCI0321-001,수 1A1B2A금 2B3A3B,수,금,10:30,9:00,70,32
124,전공,인문대학,SOCI0538-001,화 1A1B2A화 2B3A3B,화,화,10:30,9:00,70,3
125,전공,인문대학,CLTR0073-001,화 1A1B2A목 2B3A3B,화,목,10:30,9:00,70,78
126,전공심화,인문대학,CLTR0112-001,화 2B3A3B목 1A1B2A,화,목,9:00,10:30,70,82
127,전공심화,인문대학,CLTR0205-005,수 1A1B2A금 2B3A3B,수,금,10:30,9:00,30,29
128,교양,인문대학,GEOG0425-001,화 1A1B2A목 2B3A3B,화,목,10:30,9:00,70,41
129,,,CLTR0041-003,월 2B3A3B금 1A1B2A,월,금,9:00,10:30,70,68
130,교양,인문대학,DIIM0214-001,월 1A1B2A수 2B3A3B,월,수,10:30,9:00,40,43
131,,,LIBR0331-001,화 1A1B2A목 2B3A3B,화,목,10:30,9:00,40,35
132,교양,인문대학,LIBR0469-001,화 1A1B2A목 2B3A3B,화,목,10:30,9:00,40,49
133,,,LIBR0473-001,화 2B3A3B목 1A1B2A,화,목,9:00,10:30,40,42
134,교양,인문대학,LIBR0478-001,화 2B3A3B목 1A1B2A,화,목,9:00,10:30,40,42
135,,,CLTR0508-002,수 1A1B2A금 2B3A3B,수,금,10:30,9:00,70,70
136,교양,인문대학,PSYC0211-001,화 2B3A3B목 1A1B2A,화,목,9:00,10:30,90,91
137,,,PSYC0301-001,월 1A1B2A금 1A1B2A,월,금,9:00,9:00,30,30
138,전공기초,인문대학,PSYC0361-001,화 2B3A3B목 1A1B2A,화,목,9:00,10:30,70,69
139,전공,인문대학,PSYC0448-001,월 2B3A3B수 1A1B2A,월,수,9:00,10:30,70,78
140,전공,인문대학,PSYC0570-001,화 1A1B2A목 2B3A3B,화,목,10:30,9:00,70,63
141,전공,인문대학,CLTR0073-002,화 2B3A3B목 1A1B2A,화,목,9:00,10:30,70,84
142,전공,인문대학,CLTR0101-005,월 1A1B2A수 2B3A3B,월,수,10:30,9:00,70,75
143,교직,인문대학,CLTR0210-007,화 1A1B2A목 2B3A3B,화,목,10:30,9:00,30,29
144,교직,인문대학,CLTR0210-008,화 1A1B2A목 2B3A3B,화,목,10:30,9:00,30,29
147,,,WELF0206-002,월 2B3A3B수 1A1B2A,월,수,9:00,10:30,50,50
148,교양,사회과학대학,WELF0282-001,월 1A1B2A수 2B3A3B,월,수,10:30,9:00,70,64
149,,,WELF0282-002,월 1A1B수 3A3B수 4A4B,월,수,11:00,9:00,50,35
150,,,WELF0286-001,화 1A1B목 3A3B목 4A4B,화,목,11:00,9:00,50,50
151,,,WELF0305-001,금 1A1B2A금 2B3A3B,금,금,10:30,9:00,50,54
152,,,WELF0313-001,화 2B3A3B목 1A1B2A,화,목,9:00,10:30,60,46
153,,,WELF0313-002,화 2B3A3B목 1A1B2A,화,목,9:00,10:30,70,59
154,교양,사회과학대학,WELF0447-001,월 2B3A3B수 1A1B2A,월,수,9:00,10:30,70,62
155,전공,사회과학대학,WELF0457-001,금 1A1B금 2A2B금 3A3B,금,금,10:00,9:00,30,32
156,전공,사회과학대학,CLTR0061-002,월 2B3A3B금 1A1B2A,월,금,9:00,10:30,70,68
157,교양,사회과학대학,CLTR0515-002,화 1A1B2A목 2B3A3B,화,목,10:30,9:00,70,69
158,,,COMM0217-001,월 1A1B2A수 2B3A3B,월,수,10:30,9:00,40,21
159,,,COMM0445-001,월 2B3A3B수 1A1B2A,월,수,9:00,10:30,50,53
160,,,COMM0593-001,목 1A1B목 2A2B목 3A3B목 4A4B,목,목,10:00,9:00,20,15
161,,,COMM0627-001,수 1A1B수 2A2B수 3A3B,수,수,10:00,9:00,40,39
162,교양,사회과학대학,MECO0201-001,월 1A1B2A수 2B3A3B,월,수,10:30,9:00,70,30
163,교양,사회과학대학,CLTR0221-002,수 1A1B2A금 2B3A3B,수,금,10:30,9:00,65,58
164,전공필수,사회과학대학,MATH0201-002,화 1A1B2A목 2B3A3B,화,목,10:30,9:00,40,30
165,전공,사회과학대학,MATH0206-002,화 2B3A3B목 1A1B2A,화,목,9:00,10:30,40,25
166,전공,사회과학대학,MATH0231-002,월 2B3A3B금 1A1B2A,월,금,9:00,10:30,40,36
167,,,MATH0254-001,월 1A1B2A수 2B3A3B,월,수,10:30,9:00,40,29
168,교양,사회과학대학,MATH0407-001,화 1A1B2A목 2B3A3B,화,목,10:30,9:00,30,5
169,교양,사회과학대학,MATH0411-001,화 1A1B2A목 10A10B목 11A11B목 2B3A3B,화,목,10:30,9:00,40,28
171,전공,사회과학대학,MATH0419-001,월 1A1B2A수 2B3A3B,월,수,10:30,9:00,40,40
172,교양,사회과학대학,BIOC0431-001,월 1A1B2A수 2B3A3B,월,수,10:30,9:00,60,81
173,융합전공,사회과학대학,CHEM0201-001,수 1A1B2A금 2B3A3B,수,금,10:30,9:00,70,61
174,전공,사회과학대학,CHEM0203-001,화 2B3A3B목 1A1B2A,화,목,9:00,10:30,70,88
175,전공,사회과학대학,CHEM0251-001,월 2B3A3B금 1A1B2A,월,금,9:00,10:30,60,36
176,전공,사회과학대학,CHEM0301-001,화 1A1B2A목 2B3A3B,화,목,10:30,9:00,60,79
177,전공,사회과학대학,CHEM0303-001,화 2B3A3B목 1A1B2A,화,목,9:00,10:30,50,16
178,교양,사회과학대학,CHEM0355-001,화 1A1B2A목 2B3A3B,화,목,10:30,9:00,50,28
179,전공,사회과학대학,CLTR0107-001,월 2B3A3B금 1A1B2A,월,금,9:00,10:30,70,68
180,전공,사회과학대학,CLTR0226-001,화 1A1B화 2A2B,화,화,10:00,9:00,24,22
181,,,CLTR0226-002,화 1A1B화 2A2B,화,화,10:00,9:00,24,21
182,,,CLTR0112-003,수 1A1B2A금 2B3A3B,수,금,10:30,9:00,70,64
183,,,CLTR0211-003,화 1A1B2A목 2B3A3B,화,목,10:30,9:00,65,34
184,,,CLTR0221-004,수 1A1B2A금 2B3A3B,수,금,10:30,9:00,65,7
185,,,CLTR0246-001,월 1A1B2A수 2B3A3B,월,수,10:30,9:00,65,39
186,,,STAT0241-001,화 1A1B2A목 2B3A3B,화,목,10:30,9:00,38,39
187,,,STAT0241-002,화 2B3A3B목 1A1B2A,화,목,9:00,10:30,38,46
188,전공,사회과학대학,STAT0637-001,화 1A1B2A목 2B3A3B,화,목,10:30,9:00,77,89
189,전공,사회과학대학,ANSC0432-001,화 2B3A3B목 1A1B2A,화,목,9:00,10:30,30,29
190,전공,사회과학대학,BIED0631-001,월 2B3A3B수 1A1B2A,월,수,9:00,10:30,30,44
191,교양,사회과학대학,BIOL0294-001,금 1A1B금 2A2B금 3A3B금 4A4B,금,금,10:00,9:00,15,15
192,교양,사회과학대학,BIOL0301-001,금 1A1B금 2A2B금 3A3B금 4A4B,금,금,10:00,9:00,20,21
193,교양,사회과학대학,BIOL0497-001,토 1A1B토 2A2B토 3A3B토 4A4B,토,토,10:00,9:00,20,7
194,,,CLTR0215-002,화 1A1B2A목 2B3A3B,화,목,10:30,9:00,65,45
195,교양,사회과학대학,BIED0521-001,화 2B3A3B목 1A1B2A,화,목,9:00,10:30,35,33
196,,,BIED0521-002,화 2B3A3B목 1A1B2A,화,목,9:00,10:30,35,36
197,전공,사회과학대학,BIED0521-003,화 2B3A3B목 1A1B2A,화,목,9:00,10:30,35,37
198,전공필수,사회과학대학,BIED0631-002,화 2B3A3B목 1A1B2A,화,목,9:00,10:30,50,67
199,,,BIOC0432-001,월 1A1B2A수 2B3A3B,월,수,10:30,9:00,30,40
200,전공필수,사회과학대학,BIOC0432-002,월 1A1B2A수 2B3A3B,월,수,10:30,9:00,30,63
201,전공필수,사회과학대학,BIOC0432-003,월 1A1B2A수 2B3A3B,월,수,10:30,9:00,30,33
202,전공필수,사회과학대학,BIOC0533-001,화 1A1B2A목 2B3A3B,화,목,10:30,9:00,55,52
203,,,BIOT0211-001,월 2B3A3B금 1A1B2A,월,금,9:00,10:30,50,39
204,전공,사회과학대학,CHEM0503-001,수 1A1B2A금 2B3A3B,수,금,10:30,9:00,70,68
205,전공,사회과학대학,CLTR0226-005,수 1A1B수 2A2B,수,수,10:00,9:00,24,21
206,,,CLTR0226-006,수 1A1B수 2A2B,수,수,10:00,9:00,24,21
207,,,CLTR0226-007,금 1A1B금 2A2B,금,금,10:00,9:00,24,22
208,,,CLTR0226-008,금 1A1B금 2A2B,금,금,10:00,9:00,24,20
209,,,CLTR0538-001,월 1A1B2A수 2B3A3B,월,수,10:30,9:00,70,40
210,,,FOOD0323-001,화 1A1B2A목 2B3A3B,화,목,10:30,9:00,50,16
211,,,GENE0251-001,화 2B3A3B목 1A1B2A,화,목,9:00,10:30,40,37
212,,,GENE0251-002,화 2B3A3B목 1A1B2A,화,목,9:00,10:30,40,30
213,,,GENE0251-003,화 2B3A3B목 1A1B2A,화,목,9:00,10:30,40,41
214,,,MBIO0232-001,화 1A1B2A목 2B3A3B,화,목,10:30,9:00,30,33
215,,,MBIO0232-002,화 1A1B2A목 2B3A3B,화,목,10:30,9:00,30,29
216,전공필수,사회과학대학,MBIO0232-003,화 1A1B2A목 2B3A3B,화,목,10:30,9:00,30,38
217,전공필수,사회과학대학,MBIO0241-001,수 1A1B2A금 2B3A3B,수,금,10:30,9:00,50,54
218,전공,사회과학대학,MBIO0261-001,월 2B3A3B금 1A1B2A,월,금,9:00,10:30,50,19
219,전공,사회과학대학,MEDI0205-001,월 2B3A3B금 1A1B2A,월,금,9:00,10:30,40,43
220,교양,사회과학대학,MEDI0205-002,월 2B3A3B금 1A1B2A,월,금,9:00,10:30,40,69
221,교양,사회과학대학,CLTR0211-006,월 2B3A3B금 1A1B2A,월,금,9:00,10:30,65,66
222,전공,사회과학대학,CLTR0215-003,화 1A1B2A목 2B3A3B,화,목,10:30,9:00,65,48
223,전공,사회과학대학,CLTR0223-002,수 1A1B수 2A2B,수,수,10:00,9:00,20,19
224,전공,사회과학대학,CLTR0223-003,수 1A1B수 2A2B,수,수,10:00,9:00,20,17
225,전공,사회과학대학,CLTR0223-004,수 1A1B수 2A2B,수,수,10:00,9:00,20,19
226,전공,사회과학대학,PHYS0211-001,화 2B3A3B목 1A1B2A금 5A5B금 6A6B,화,목,9:00,10:30,80,70
227,교양,자연과학대학,PHYS0215-001,화 1A1B2A목 2B3A3B,화,목,10:30,9:00,70,71
228,전공,자연과학대학,PHYS0241-001,월 1A1B2A수 2B3A3B,월,수,10:30,9:00,80,84
230,전공,자연과학대학,PHYS0351-001,월 1A1B월 2A2B월 3A3B,월,월,10:00,9:00,40,30
231,전공,자연과학대학,PHYS0481-001,월 1A1B2A수 2B3A3B,월,수,10:30,9:00,40,38
232,전공,자연과학대학,CLTR0041-004,화 2B3A3B목 1A1B2A,화,목,9:00,10:30,70,70
233,전공,자연과학대학,CLTR0041-005,화 2B3A3B목 1A1B2A,화,목,9:00,10:30,70,69
234,전공,자연과학대학,CLTR0205-010,월 1A1B2A수 2B3A3B,월,수,10:30,9:00,30,30
235,전공,자연과학대학,CLTR0205-011,월 1A1B2A수 2B3A3B,월,수,10:30,9:00,30,31
236,전공,자연과학대학,CLTR0205-012,월 1A1B2A수 2B3A3B,월,수,10:30,9:00,30,28
237,전공,자연과학대학,CLTR0211-007,수 1A1B2A금 2B3A3B,수,금,10:30,9:00,65,40
238,전공필수,자연과학대학,CLTR0211-008,수 1A1B2A금 2B3A3B,수,금,10:30,9:00,65,40
239,전공,자연과학대학,GEOL0212-001,수 1A1B2A금 2B3A3B,수,금,10:30,9:00,70,29
240,전공,자연과학대학,ASAT0205-001,화 1A1B2A목 1A1B2A,화,목,9:00,9:00,35,33
241,전공,자연과학대학,ASAT0566-001,수 1A1B2A목 1A1B2A,수,목,9:00,9:00,35,23
242,전공,자연과학대학,CLTR0241-001,화 2B3A3B목 1A1B2A,화,목,9:00,10:30,80,79
243,교양,자연과학대학,INDC0411-001,화 2B3A3B목 1A1B2A,화,목,9:00,10:30,70,31
244,교양,자연과학대학,OECA0219-001,수 1A1B수 2A2B수 3A3B수 4A4B,수,수,10:00,9:00,50,21
245,교양,자연과학대학,OECA0221-001,화 1A1B2A목 2B3A3B,화,목,10:30,9:00,70,23
246,교양,자연과학대학,OECA0245-001,금 1A1B2A금 2B3A3B,금,금,10:30,9:00,70,10
247,교양,자연과학대학,OECA0249-001,월 2B3A3B금 1A1B2A,월,금,9:00,10:30,70,20
248,교양,자연과학대학,OECA0260-001,화 1A1B화 2A2B화 3A3B화 4A4B,화,화,10:00,9:00,50,12
249,,,MGMT0202-001,월 1A1B2A수 2B3A3B,월,수,10:30,9:00,70,58
250,교양,자연과학대학,MGMT0202-002,월 2B3A3B수 1A1B2A,월,수,9:00,10:30,70,51
251,전공,자연과학대학,MGMT0202-004,화 1A1B2A목 2B3A3B,화,목,10:30,9:00,70,66
252,전공,자연과학대학,MGMT0202-005,화 2B3A3B목 1A1B2A,화,목,9:00,10:30,70,68
253,전공,자연과학대학,MGMT0203-001,월 1A1B2A수 2B3A3B,월,수,10:30,9:00,60,59
254,전공,자연과학대학,MGMT0203-002,월 2B3A3B수 1A1B2A,월,수,9:00,10:30,60,58
255,전공필수,자연과학대학,MGMT0203-008,화 1A1B2A목 2B3A3B,화,목,10:30,9:00,60,59
256,전공,자연과학대학,MGMT0208-001,화 1A1B2A목 2B3A3B,화,목,10:30,9:00,70,42
257,,,MGMT0212-001,화 1A1B2A목 2B3A3B,화,목,10:30,9:00,70,65
258,전공,자연과학대학,MGMT0212-002,화 2B3A3B목 1A1B2A,화,목,9:00,10:30,70,64
259,,,MGMT0212-003,월 1A1B2A수 2B3A3B,월,수,10:30,9:00,70,55
260,,,MGMT0212-004,월 2B3A3B수 1A1B2A,월,수,9:00,10:30,70,66
261,전공,자연과학대학,MGMT0215-001,화 2B3A3B목 1A1B2A,화,목,9:00,10:30,70,61
262,교양,자연과학대학,MGMT0216-005,월 1A1B2A수 2B3A3B,월,수,10:30,9:00,70,62
263,전공,자연과학대학,MGMT0216-006,월 2B3A3B수 1A1B2A,월,수,9:00,10:30,70,66
264,전공,자연과학대학,MGMT0221-001,월 1A1B2A수 2B3A3B,월,수,10:30,9:00,60,57
265,전공,자연과학대학,MGMT0221-002,월 2B3A3B수 1A1B2A,월,수,9:00,10:30,60,59
266,전공,자연과학대학,MGMT0221-006,월 2B3A3B수 1A1B2A,월,수,9:00,10:30,60,59
267,전공필수,자연과학대학,MGMT0222-001,화 2B3A3B목 1A1B2A,화,목,9:00,10:30,70,43
268,전공필수,자연과학대학,MGMT0223-001,월 2B3A3B수 1A1B2A,월,수,9:00,10:30,45,43
269,전공필수,자연과학대학,MGMT0231-001,화 1A1B2A목 2B3A3B,화,목,10:30,9:00,45,44
270,전공,자연과학대학,MGMT0231-002,화 2B3A3B목 1A1B2A,화,목,9:00,10:30,45,46
271,전공,자연과학대학,MGMT0231-005,월 1A1B수 3A3B수 4A4B,월,수,11:00,9:00,45,45
272,전공,자연과학대학,MGMT0236-001,월 1A1B2A수 2B3A3B,월,수,10:30,9:00,45,45
273,교양,자연과학대학,MGMT0236-002,월 2B3A3B수 1A1B2A,월,수,9:00,10:30,45,40
274,교양,자연과학대학,MGMT0236-003,월 2B3A3B수 1A1B2A,월,수,9:00,10:30,70,36
275,교양,자연과학대학,MGMT0310-001,월 1A1B2A수 2B3A3B,월,수,10:30,9:00,60,56
276,교양,자연과학대학,MGMT0310-003,화 2B3A3B목 1A1B2A,화,목,9:00,10:30,60,59
277,교양,자연과학대학,MGMT0310-005,화 1A1B2A목 2B3A3B,화,목,10:30,9:00,60,59
278,,,MGMT0320-003,월 1A1B2A수 2B3A3B,월,수,10:30,9:00,70,69
279,전공,자연과학대학,MGMT0323-002,화 1A1B2A목 2B3A3B,화,목,10:30,9:00,70,49
280,전공,자연과학대학,MGMT0401-003,수 1A1B2A금 2B3A3B,수,금,10:30,9:00,45,7
281,전공,자연과학대학,MGMT0401-005,화 2B3A3B목 1A1B2A,화,목,9:00,10:30,45,42
282,전공,자연과학대학,MGMT0422-001,월 2B3A3B수 1A1B2A,월,수,9:00,10:30,40,33
283,전공,자연과학대학,MGMT0436-001,화 1A1B2A목 2B3A3B,화,목,10:30,9:00,70,63
284,전공,자연과학대학,MGMT0440-003,화 1A1B2A목 2B3A3B,화,목,10:30,9:00,70,66
285,전공,자연과학대학,CLTR0085-001,화 2B3A3B목 1A1B2A,화,목,9:00,10:30,70,68
286,전공,자연과학대학,CLTR0045-005,수 1A1B2A금 2B3A3B,수,금,10:30,9:00,70,70
287,전공,자연과학대학,CLTR0085-002,화 2B3A3B목 1A1B2A,화,목,9:00,10:30,70,70
288,전공,자연과학대학,MGMT0209-002,월 1A1B2A수 2B3A3B,월,수,10:30,9:00,70,67
289,전공,자연과학대학,CLTR0085-003,화 2B3A3B목 1A1B2A,화,목,9:00,10:30,70,66
290,교양,자연과학대학,MGMT0209-003,월 1A1B2A수 2B3A3B,월,수,10:30,9:00,70,70
291,교양,자연과학대학,CLTR0083-005,화 2B3A3B목 1A1B2A,화,목,9:00,10:30,70,68
292,교양,자연과학대학,ECON0202-001,화 2B3A3B목 1A1B2A,화,목,9:00,10:30,70,69
293,교양,자연과학대학,ECON0211-005,화 1A1B2A목 2B3A3B,화,목,10:30,9:00,70,67
294,교양,자연과학대학,ECON0211-011,월 1A1B2A수 2B3A3B,월,수,10:30,9:00,70,41
295,전공,자연과학대학,ECON0324-001,월 2B3A3B수 1A1B2A,월,수,9:00,10:30,90,87
296,전공,자연과학대학,ECON0324-005,월 1A1B2A수 2B3A3B,월,수,10:30,9:00,70,57
297,전공필수,자연과학대학,ECON0381-001,월 2B3A3B수 1A1B2A,월,수,9:00,10:30,72,76
298,전공필수,자연과학대학,ECON0381-003,월 1A1B2A수 2B3A3B,월,수,10:30,9:00,70,60
299,전공,자연과학대학,ECON0381-004,월 2B3A3B수 1A1B2A,월,수,9:00,10:30,70,42
300,,,ECON0381-005,화 1A1B2A목 2B3A3B,화,목,10:30,9:00,70,45
301,전공,자연과학대학,ECON0431-001,화 1A1B2A목 2B3A3B,화,목,10:30,9:00,70,53
302,교양,자연과학대학,ECON0431-002,화 2B3A3B목 1A1B2A,화,목,9:00,10:30,70,35
303,교양,자연과학대학,ECON0441-001,화 1A1B2A목 2B3A3B,화,목,10:30,9:00,70,7
304,교양,자연과학대학,ECON0451-003,월 2B3A3B수 1A1B2A,월,수,9:00,10:30,70,37
305,교양,자연과학대학,ECON0461-002,월 2B3A3B수 1A1B2A,월,수,9:00,10:30,70,15
306,교양,자연과학대학,ECON0471-001,화 2B3A3B목 1A1B2A,화,목,9:00,10:30,70,71
307,교양,자연과학대학,ECON0551-001,화 1A1B2A목 2B3A3B,화,목,10:30,9:00,70,67
308,교양,자연과학대학,ECON0561-002,월 1A1B2A수 2B3A3B,월,수,10:30,9:00,70,67
309,전공,자연과학대학,ECON0573-001,화 1A1B2A목 2B3A3B,화,목,10:30,9:00,70,67
310,전공,자연과학대학,ECON0611-002,월 2B3A3B수 1A1B2A,월,수,9:00,10:30,98,95
311,전공,자연과학대학,ECON0611-004,월 1A1B2A수 2B3A3B,월,수,10:30,9:00,70,70
312,교양,자연과학대학,ECON0611-005,월 2B3A3B수 1A1B2A,월,수,9:00,10:30,70,67
313,전공,자연과학대학,ECON0611-007,월 1A1B2A수 2B3A3B,월,수,10:30,9:00,70,4
314,전공,자연과학대학,ECON0633-002,월 1A1B2A수 2B3A3B,월,수,10:30,9:00,70,33
315,전공,자연과학대학,ECON0633-003,월 2B3A3B수 1A1B2A,월,수,9:00,10:30,70,17
316,전공,자연과학대학,ECON0683-002,화 2B3A3B목 1A1B2A,화,목,9:00,10:30,70,61
317,전공,자연과학대학,CLTR0103-004,수 1A1B2A금 2B3A3B,수,금,10:30,9:00,70,29
318,전공,자연과학대학,CLTR0242-002,화 1A1B2A목 2B3A3B,화,목,10:30,9:00,65,73
319,전공,경상대학,CLTR0103-003,수 1A1B2A금 2B3A3B,수,금,10:30,9:00,70,69
320,전공,경상대학,CLTR0242-003,화 1A1B2A목 2B3A3B,화,목,10:30,9:00,65,69
321,전공,경상대학,ECON0211-003,화 2B3A3B목 1A1B2A,화,목,9:00,10:30,70,55
322,전공,경상대학,ECON0491-003,월 1A1B2A수 2B3A3B,월,수,10:30,9:00,25,27
323,전공필수,경상대학,CLTR0223-005,화 1A1B화 2A2B,화,화,10:00,9:00,20,18
324,전공필수,경상대학,CLTR0223-006,화 1A1B화 2A2B,화,화,10:00,9:00,20,18
325,전공필수,경상대학,CLTR0223-007,화 1A1B화 2A2B,화,화,10:00,9:00,20,15
326,전공,경상대학,CLTR0411-001,월 1A1B수 3A3B,월,수,11:00,9:00,20,22
327,전공,경상대학,CLTR0411-002,월 1A1B수 3A3B,월,수,11:00,9:00,20,22
328,전공,경상대학,CLTR0411-003,월 1A1B수 3A3B,월,수,11:00,9:00,20,20
329,전공,경상대학,MECH0331-001,화 2B3A3B목 1A1B2A,화,목,9:00,10:30,50,46
330,전공,경상대학,MECH0334-001,화 1A1B2A목 2B3A3B,화,목,10:30,9:00,70,35
331,전공,경상대학,CLTR0411-004,월 1A1B수 3A3B,월,수,11:00,9:00,20,21
332,전공,경상대학,CLTR0411-005,월 1A1B수 3A3B,월,수,11:00,9:00,20,20
333,전공,경상대학,ENGR0211-002,월 1A1B2A금 2B3A3B,월,금,10:30,9:00,50,23
334,전공필수,경상대학,MECH0331-002,화 2B3A3B목 1A1B2A,화,목,9:00,10:30,50,65
335,전공필수,경상대학,MECH0349-002,수 2B3A3B금 1A1B2A,수,금,9:00,10:30,50,49
336,전공필수,경상대학,MECH0522-002,목 1A1B목 2A2B목 3A3B,목,목,10:00,9:00,50,45
337,전공,경상대학,CLTR0411-006,월 1A1B수 3A3B,월,수,11:00,9:00,20,20
338,전공,경상대학,CLTR0411-007,월 1A1B수 3A3B,월,수,11:00,9:00,20,21
339,전공필수,경상대학,MECH0331-003,화 2B3A3B목 1A1B2A,화,목,9:00,10:30,50,21
340,전공필수,경상대학,MECH0522-003,화 1A1B화 2A2B화 3A3B,화,화,10:00,9:00,50,44
341,전공필수,경상대학,MECH0427-001,수 1A1B수 2A2B수 3A3B,수,수,10:00,9:00,50,37
342,전공,경상대학,MECH0542-001,월 1A1B월 2A2B월 3A3B월 4A4B,월,월,10:00,9:00,150,113
343,전공,경상대학,MECH0588-001,금 1A1B금 2A2B금 3A3B금 4A4B,금,금,10:00,9:00,40,11
344,전공,경상대학,MECH0589-001,화 2B3A3B목 1A1B2A,화,목,9:00,10:30,50,26
345,전공필수,경상대학,CLTR0215-009,월 1A1B2A수 2B3A3B,월,수,10:30,9:00,65,45
346,전공필수,경상대학,CLTR0411-008,화 1A1B목 3A3B,화,목,11:00,9:00,20,22
347,전공필수,경상대학,CLTR0411-009,화 1A1B목 3A3B,화,목,11:00,9:00,20,20
348,전공,경상대학,CLTR0411-010,화 1A1B목 3A3B,화,목,11:00,9:00,20,20
349,전공,경상대학,CLTR0041-009,화 1A1B2A목 2B3A3B,화,목,10:30,9:00,70,69
350,전공,경상대학,CLTR0211-013,화 2B3A3B목 1A1B2A,화,목,9:00,10:30,65,47
351,전공,경상대학,CHEN0293-002,화 1A1B화 2A2B화 3A3B,화,화,10:00,9:00,40,32
352,전공,경상대학,CLTR0085-007,월 2B3A3B금 1A1B2A,월,금,9:00,10:30,70,68
353,전공,경상대학,CLTR0215-012,월 1A1B2A수 2B3A3B,월,수,10:30,9:00,65,62
354,전공,경상대학,CLTR0411-017,화 3A3B목 1A1B,화,목,9:00,11:00,20,19
355,교양,경상대학,CLTR0411-018,화 3A3B목 1A1B,화,목,9:00,11:00,20,20
356,교양,경상대학,ENVI0312-001,화 2B3A3B목 1A1B2A,화,목,9:00,10:30,50,35
357,교양,경상대학,ENVI0325-001,월 2B3A3B수 1A1B2A,월,수,9:00,10:30,50,48
358,전공,경상대학,ENVI0347-001,화 1A1B2A목 2B3A3B,화,목,10:30,9:00,50,41
359,교양,경상대학,ENVI0361-001,화 2B3A3B목 1A1B2A,화,목,9:00,10:30,50,29
360,전공,경상대학,ENVI0470-001,수 1A1B2A금 2B3A3B,수,금,10:30,9:00,50,41
361,교양,경상대학,INDC0411-002,월 2B3A3B수 1A1B2A,월,수,9:00,10:30,50,28
362,,,CHEM0203-006,월 1A1B2A수 2B3A3B,월,수,10:30,9:00,50,33
363,전공,경상대학,CLTR0045-008,화 2B3A3B목 1A1B2A,화,목,9:00,10:30,70,72
364,전공,경상대학,CLTR0221-006,월 2B3A3B금 1A1B2A,월,금,9:00,10:30,65,55
365,,,CLTR0226-014,목 1A1B목 2A2B,목,목,10:00,9:00,24,17
366,전공,경상대학,CLTR0226-015,목 1A1B목 2A2B,목,목,10:00,9:00,24,22
367,전공,경상대학,CLTR0411-019,월 3A3B금 1A1B,월,금,9:00,11:00,20,20
368,전공,경상대학,CLTR0411-020,월 3A3B금 1A1B,월,금,9:00,11:00,20,19
369,전공,경상대학,DYFI0252-001,화 2B3A3B목 1A1B2A,화,목,9:00,10:30,50,41
370,전공,경상대학,DYFI0322-001,월 2B3A3B수 1A1B2A,월,수,9:00,10:30,50,22
371,전공,경상대학,DYFI0415-001,목 1A1B목 2A2B목 3A3B목 4A4B,목,목,10:00,9:00,50,17
372,전공,경상대학,ENGR0211-006,화 1A1B2A목 2B3A3B,화,목,10:30,9:00,50,51
373,전공,경상대학,CLTR0213-016,수 1A1B2A금 2B3A3B,수,금,10:30,9:00,65,42
374,전공,경상대학,CLTR0215-014,월 1A1B2A수 2B3A3B,월,수,10:30,9:00,65,43
375,전공,경상대학,CLTR0411-021,화 3A3B목 1A1B,화,목,9:00,11:00,20,20
376,전공,경상대학,CLTR0411-022,화 3A3B목 1A1B,화,목,9:00,11:00,20,20
377,전공,경상대학,CLTR0411-023,화 3A3B목 1A1B,화,목,9:00,11:00,20,21
378,전공필수,경상대학,CLTR0085-009,월 2B3A3B금 1A1B2A,월,금,9:00,10:30,70,51
379,전공,경상대학,CLTR0411-024,화 3A3B목 1A1B,화,목,9:00,11:00,20,20
380,전공,경상대학,CLTR0411-025,화 3A3B목 1A1B,화,목,9:00,11:00,20,20
381,전공,경상대학,ENGR0351-005,수 1A1B수 2A2B,수,수,10:00,9:00,23,23
382,전공필수,경상대학,ENGR0351-006,수 1A1B수 2A2B,수,수,10:00,9:00,23,18
383,전공필수,경상대학,CIME0316-001,화 1A1B2A목 2B3A3B,화,목,10:30,9:00,45,49
384,전공필수,경상대학,CIME0330-001,화 2B3A3B수 1A1B2A,화,수,9:00,10:30,45,55
385,전공필수,경상대학,CLTR0221-007,화 1A1B2A목 2B3A3B,화,목,10:30,9:00,65,53
386,전공,경상대학,ENGR0211-008,월 1A1B2A목 1A1B2A,월,목,9:00,9:00,45,42
387,전공,경상대학,ACEN0463-001,화 1A1B2A목 2B3A3B,화,목,10:30,9:00,65,63
388,전공,경상대학,CIVL0233-001,월 2B3A3B수 1A1B2A,월,수,9:00,10:30,65,15
389,교양,경상대학,CLTR0210-012,월 2B3A3B수 1A1B2A,월,수,9:00,10:30,30,32
390,교양,경상대학,CLTR0210-013,월 2B3A3B수 1A1B2A,월,수,9:00,10:30,30,28
391,교양,경상대학,CLTR0213-018,화 1A1B2A목 2B3A3B,화,목,10:30,9:00,65,63
392,교양,경상대학,CVLE0205-001,월 1A1B2A수 2B3A3B,월,수,10:30,9:00,65,69
393,전공,경상대학,CVLE0301-001,화 2B3A3B목 1A1B2A,화,목,9:00,10:30,65,70
394,전공,경상대학,CVLE0324-001,월 1A1B월 2A2B수 3A3B수 4A4B,월,월,10:00,9:00,30,34
396,교양,공과대학,CVLE0416-001,화 2B3A3B목 1A1B2A,화,목,9:00,10:30,65,58
397,교양,공과대학,CVLE0536-001,화 1A1B목 1A1B금 1A1B금 2A2B금 3A3B금 4A4B,화,목,9:00,9:00,65,44
398,교양,공과대학,MATH0205-001,월 2B3A3B수 1A1B2A,월,수,9:00,10:30,65,66
399,교양,공과대학,ARCH0311-001,월 1A1B2A수 1A1B2A,월,수,9:00,9:00,40,43
400,교양,공과대학,ARCH0568-001,금 1A1B2A금 2B3A3B,금,금,10:30,9:00,15,25
401,공학전공,공과대학,CLTR0017-003,화 1A1B2A목 2B3A3B,화,목,10:30,9:00,70,68
402,공학전공,공과대학,CLTR0085-010,수 1A1B2A금 2B3A3B,수,금,10:30,9:00,70,65
403,교양,공과대학,CLTR0185-002,월 1A1B2A수 2B3A3B,월,수,10:30,9:00,70,72
404,교양,공과대학,CLTR0185-003,화 1A1B2A목 2B3A3B,화,목,10:30,9:00,70,80
405,전공기반,공과대학,CLTR0211-020,월 2B3A3B금 1A1B2A,월,금,9:00,10:30,65,36
406,공학전공,공과대학,ARCH0267-001,월 1A1B2A월 2B3A3B수 1A1B2A수 2B3A3B,월,월,10:30,9:00,10,14
407,공학전공,공과대학,ARCH0267-002,월 1A1B2A월 2B3A3B수 1A1B2A수 2B3A3B,월,월,10:30,9:00,10,11
408,전공,공과대학,ARCH0267-003,월 1A1B2A월 2B3A3B수 1A1B2A수 2B3A3B,월,월,10:30,9:00,10,13
409,교양,공과대학,ARCH0267-004,월 1A1B2A월 2B3A3B수 1A1B2A수 2B3A3B,월,월,10:30,9:00,10,16
410,교양,공과대학,ARCH0402-002,금 1A1B2A금 2B3A3B,금,금,10:30,9:00,50,40
411,공학전공,공과대학,ARCH0407-001,금 1A1B2A금 2B3A3B,금,금,10:30,9:00,50,41
412,전공,공과대학,ARCH0551-001,금 1A1B2A금 2B3A3B,금,금,10:30,9:00,50,44
413,공학전공,공과대학,CLTR0223-018,목 1A1B목 2A2B,목,목,10:00,9:00,20,14
414,공학전공,공과대학,CLTR0223-019,목 1A1B목 2A2B,목,목,10:00,9:00,20,13
415,공학전공,공과대학,EESO0229-001,월 1A1B월 2A2B월 3A3B월 4A4B,월,월,10:00,9:00,30,31
416,,,ELEC0247-001,화 2B3A3B목 1A1B2A,화,목,9:00,10:30,40,42
417,공학전공,공과대학,ELEC0427-001,화 1A1B2A목 2B3A3B,화,목,10:30,9:00,40,32
418,교양,공과대학,EESO0223-001,화 2B3A3B목 1A1B2A,화,목,9:00,10:30,40,9
419,교양,공과대학,EESO0231-001,화 1A1B화 2A2B화 3A3B화 4A4B,화,화,10:00,9:00,10,9
420,교양,공과대학,EESO0248-001,월 2B3A3B수 1A1B2A,월,수,9:00,10:30,40,5
421,교양,공과대학,SCED0241-001,월 1A1B2A수 2B3A3B,월,수,10:30,9:00,40,21
422,교양,공과대학,APCH0213-001,금 1A1B금 2A2B금 3A3B금 4A4B,금,금,10:00,9:00,25,28
423,교양,공과대학,APCH0216-001,화 1A1B화 2A2B화 3A3B화 4A4B,화,화,10:00,9:00,25,25
424,공학전공,공과대학,APCH0421-001,화 1A1B화 2A2B화 3A3B화 4A4B,화,화,10:00,9:00,55,35
425,교양,공과대학,CHEM0301-002,목 1A1B2A목 2B3A3B,목,목,10:30,9:00,55,53
426,교양,공과대학,CHEN0293-007,수 1A1B수 2A2B수 3A3B수 4A4B,수,수,10:00,9:00,50,41
427,교양,공과대학,CHEM0203-008,화 2B3A3B목 1A1B2A,화,목,9:00,10:30,80,64
428,교양,공과대학,CHEN0256-001,월 2B3A3B수 1A1B2A,월,수,9:00,10:30,100,51
429,공학전공,공과대학,CHEN0357-001,화 2B3A3B목 1A1B2A,화,목,9:00,10:30,100,9
430,공학전공,공과대학,CIME0450-003,목 5A5B목 6A6B목 7A7B금 1A1B금 2A2B금 3A3B,목,목,14:00,13:00,60,11
431,공학전공,공과대학,CLTR0221-009,월 1A1B2A수 2B3A3B,월,수,10:30,9:00,65,14
432,공학전공,공과대학,CLTR0017-004,화 2B3A3B목 1A1B2A,화,목,9:00,10:30,70,63
433,전공,공과대학,CLTR0017-005,화 2B3A3B목 1A1B2A,화,목,9:00,10:30,70,65
434,,,CLTR0041-010,화 1A1B2A목 2B3A3B,화,목,10:30,9:00,70,66
435,공학전공,공과대학,CLTR0041-011,화 1A1B2A목 2B3A3B,화,목,10:30,9:00,70,69
436,공학전공,공과대학,CLTR0117-001,월 1A1B2A수 2B3A3B,월,수,10:30,9:00,120,109
437,기본소양,공과대학,CLTR0117-002,월 1A1B2A수 2B3A3B,월,수,10:30,9:00,70,69
438,전공기반,공과대학,CLTR0730-001,수 1A1B2A금 2B3A3B,수,금,10:30,9:00,70,7
439,교양,공과대학,AGRO0435-001,금 1A1B금 2A2B금 3A3B금 4A4B,금,금,10:00,9:00,30,16
440,교양,공과대학,DPBS0403-001,월 1A1B2A수 1A1B2A,월,수,9:00,9:00,30,8
441,교양,공과대학,HORT0419-001,목 1A1B2A목 2B3A3B,목,목,10:30,9:00,30,10
442,교양,공과대학,ACHE0451-001,화 1A1B2A목 1A1B2A,화,목,9:00,9:00,40,27
443,공학전공,공과대학,ABIC0311-001,화 1A1B2A목 2B3A3B,화,목,10:30,9:00,50,21
444,공학전공,공과대학,AGBL0211-001,화 1A1B2A목 2B3A3B,화,목,10:30,9:00,50,45
445,공학전공,공과대학,AGBL0212-001,화 2B3A3B목 1A1B2A,화,목,9:00,10:30,50,39
446,전공기반,공과대학,AGBL0411-001,화 2B3A3B목 1A1B2A,화,목,9:00,10:30,50,13
447,교양,공과대학,AGBL0421-001,월 1A1B2A수 2B3A3B,월,수,10:30,9:00,50,13
448,교양,공과대학,AGBL0427-001,월 2B3A3B수 1A1B2A,월,수,9:00,10:30,50,32
449,교양,공과대학,ACHE0392-001,월 2B3A3B금 1A1B2A,월,금,9:00,10:30,40,25
450,교양,공과대학,HORT0416-001,화 2B3A3B목 1A1B2A,화,목,9:00,10:30,40,28
451,교양,공과대학,CLTR0017-006,수 1A1B2A금 2B3A3B,수,금,10:30,9:00,70,59
452,교양,공과대학,CLTR0017-007,수 1A1B2A금 2B3A3B,수,금,10:30,9:00,70,69
453,교양,공과대학,CLTR0103-005,월 2B3A3B금 1A1B2A,월,금,9:00,10:30,70,69
454,교양,공과대학,CLTR0103-006,월 2B3A3B금 1A1B2A,월,금,9:00,10:30,70,48
455,전공,공과대학,CHEM0503-005,화 1A1B2A목 2B3A3B,화,목,10:30,9:00,35,42
456,전공,공과대학,FOOD0323-002,월 2B3A3B수 1A1B2A,월,수,9:00,10:30,35,39
457,공학전공,공과대학,FOOD0325-001,수 7A7B8A목 1A1B2A,수,목,9:00,15:00,35,42
458,공학전공,공과대학,ANSC0311-001,화 1A1B2A목 1A1B2A,화,목,9:00,9:00,40,35
459,교양,공과대학,BIOF0203-001,월 2B3A3B수 1A1B2A,월,수,9:00,10:30,40,39
460,전공기반,공과대학,FOBI0347-001,월 1A1B월 2A2B월 3A3B월 4A4B,월,월,10:00,9:00,20,22
461,공학전공,공과대학,FOBI0347-002,월 1A1B월 2A2B월 3A3B월 4A4B,월,월,10:00,9:00,21,22
462,공학전공,공과대학,FOBI0416-001,수 1A1B수 2A2B수 3A3B수 4A4B,수,수,10:00,9:00,27,13
463,기본소양,공과대학,FOAT0226-001,화 1A1B2A금 1A1B2A,화,금,9:00,9:00,44,48
464,기본소양,공과대학,FOAT0227-001,화 1A1B2A목 1A1B2A,화,목,9:00,9:00,42,37
465,전공기반,공과대학,FOOD0571-001,월 1A1B2A수 1A1B2A,월,수,9:00,9:00,40,42
466,전공기반,공과대학,CHEM0506-001,금 1A1B금 2A2B금 3A3B금 4A4B,금,금,10:00,9:00,30,27
467,공학전공,공과대학,CLTR0211-022,화 2B3A3B목 1A1B2A,화,목,9:00,10:30,65,35
468,공학전공,공과대학,AGIN0208-001,화 1A1B화 2A2B화 3A3B화 4A4B화 6A6B화 7A7B화 8A8B화 9A9B,화,화,10:00,9:00,25,21
469,공학전공,공과대학,AGIN0223-001,월 1A1B월 2A2B월 3A3B월 4A4B월 6A6B월 7A7B월 8A8B월 9A9B,월,월,10:00,9:00,20,14
470,공학전공,공과대학,AGIN0235-001,토 1A1B토 2A2B토 3A3B,토,토,10:00,9:00,25,21
471,공학전공,공과대학,AGIN0236-001,수 1A1B수 2A2B수 3A3B,수,수,10:00,9:00,20,13
472,,,AGIN0245-001,토 1A1B토 2A2B토 3A3B,토,토,10:00,9:00,20,14
473,전공기반,공과대학,AGIN0246-001,화 1A1B화 2A2B화 3A3B화 4A4B화 6A6B화 7A7B화 8A8B화 9A9B목 1A1B목 2A2B목 3A3B목 4A4B,화,화,10:00,9:00,20,16
474,전공기반,공과대학,AGIN0283-001,월 1A1B월 2A2B월 3A3B월 4A4B월 6A6B월 7A7B월 8A8B월 9A9B금 1A1B금 2A2B금 3A3B금 4A4B,월,월,10:00,9:00,30,18
475,공학전공,공과대학,AGIN0284-001,수 1A1B수 2A2B수 3A3B,수,수,10:00,9:00,25,20
476,교양,공과대학,AGIN0303-001,토 1A1B토 2A2B토 3A3B,토,토,10:00,9:00,20,16
477,교양,공과대학,CLTR0016-004,수 1A1B2A수 2B3A3B,수,수,10:30,9:00,70,16
478,교양,공과대학,CLTR0090-003,토 1A1B2A토 2B3A3B,토,토,10:30,9:00,70,18
479,교양,공과대학,CLTR0638-001,수 1A1B2A수 2B3A3B,수,수,10:30,9:00,70,14
480,,,CLTR0205-017,월 1A1B2A수 2B3A3B,월,수,10:30,9:00,30,28
481,교양,공과대학,CLTR0205-018,월 1A1B2A수 2B3A3B,월,수,10:30,9:00,30,29
482,전공,공과대학,CLTR0205-019,월 1A1B2A수 2B3A3B,월,수,10:30,9:00,30,29
483,전공,공과대학,FORE0213-001,화 1A1B2A목 2B3A3B,화,목,10:30,9:00,80,82
484,전공,공과대학,FPST0202-001,월 2B3A3B금 1A1B2A,월,금,9:00,10:30,80,84
485,전공,공과대학,LARC0211-001,화 2B3A3B목 1A1B2A,화,목,9:00,10:30,80,84
486,전공,공과대학,FORE0584-001,토 1A1B토 2A2B토 3A3B토 5A5B토 6A6B토 7A7B토 8A8B토 9A9B,토,토,10:00,9:00,40,15
487,전공,공과대학,CLTR0210-016,화 1A1B2A목 1A1B2A,화,목,9:00,9:00,30,11
488,전공,공과대학,LARC0239-001,금 1A1B금 2A2B금 3A3B금 4A4B,금,금,10:00,9:00,30,30
489,교양,공과대학,LARC0251-001,화 1A1B2A목 2B3A3B,화,목,10:30,9:00,40,34
490,교양,공과대학,LARC0263-001,화 1A1B화 2A2B화 3A3B화 4A4B,화,화,10:00,9:00,30,30
491,전공,공과대학,LARC0331-001,금 1A1B2A금 2B3A3B,금,금,10:30,9:00,40,34
492,전공,공과대학,LARC0356-001,화 2B3A3B목 1A1B2A,화,목,9:00,10:30,40,33
493,전공,공과대학,CLTR0117-005,월 1A1B2A수 2B3A3B,월,수,10:30,9:00,70,100
494,전공,공과대학,CLTR0211-023,화 2B3A3B목 1A1B2A,화,목,9:00,10:30,65,38
495,전공,공과대학,CLTR0213-020,수 1A1B2A금 2B3A3B,수,금,10:30,9:00,65,57
496,전공,공과대학,CLTR0215-022,월 2B3A3B금 1A1B2A,월,금,9:00,10:30,65,51
497,전공,공과대학,ACEN0211-001,월 1A1B2A수 1A1B2A,월,수,9:00,9:00,40,25
498,공학전공,공과대학,ACEN0423-001,월 1A1B월 2A2B목 2A2B목 3A3B,월,월,10:00,9:00,40,19
499,공학전공,공과대학,CLTR0045-015,화 1A1B2A목 2B3A3B,화,목,10:30,9:00,70,69
500,공학전공,공과대학,CLTR0412-001,월 3A3B금 1A1B,월,금,9:00,11:00,20,19
501,공학전공,공과대학,CLTR0412-002,월 3A3B금 1A1B,월,금,9:00,11:00,20,20
502,공학전공,공과대학,AMEN0412-001,금 1A1B금 2A2B금 3A3B금 4A4B,금,금,10:00,9:00,30,26
503,공학전공,공과대학,CHEN0345-002,월 1A1B2A수 2B3A3B,월,수,10:30,9:00,30,27
504,공학전공,공과대학,CLTR0221-010,화 2B3A3B목 1A1B2A,화,목,9:00,10:30,65,30
505,공학전공,공과대학,CLTR0412-003,수 1A1B금 3A3B,수,금,11:00,9:00,20,21
506,전공,공과대학,CLTR0412-004,수 1A1B금 3A3B,수,금,11:00,9:00,20,21
507,전공기반,공과대학,ENGR0211-012,월 2B3A3B수 1A1B2A,월,수,9:00,10:30,30,28
508,교양,농업생명과학대학,MECH0474-003,화 2B3A3B목 1A1B2A,화,목,9:00,10:30,30,19
509,교양,농업생명과학대학,META0231-001,화 1A1B2A목 2B3A3B,화,목,10:30,9:00,30,21
510,교양,농업생명과학대학,HOFO0211-001,화 1A1B2A목 2B3A3B,화,목,10:30,9:00,30,3
511,교양,농업생명과학대학,AGEC0301-001,화 1A1B2A목 2B3A3B,화,목,10:30,9:00,60,54
512,교양,농업생명과학대학,AGEC0302-001,화 2B3A3B목 1A1B2A,화,목,9:00,10:30,60,57
513,,,AGEC0503-001,월 1A1B2A수 2B3A3B,월,수,10:30,9:00,50,32
514,,,CLTR0003-002,수 1A1B2A금 2B3A3B,수,금,10:30,9:00,70,67
515,,,CLTR0044-002,화 2B3A3B목 1A1B2A,화,목,9:00,10:30,70,70
516,,,KMUS0601-001,수 1A1B수 2A2B,수,수,10:00,9:00,50,26
517,,,MUSI0227-001,금 1A1B,금,,,9:00,50,53
518,교양,농업생명과학대학,MUSI0281-001,화 1A1B,화,,,9:00,1,1
519,,,MUSI0327-001,화 1A1B화 2A2B,화,화,10:00,9:00,10,6
520,,,MUSI0351-001,화 1A1B,화,,,9:00,1,1
521,,,MUSI0381-010,목 1A1B,목,,,9:00,1,1
522,,,MUSI0381-012,화 1A1B,화,,,9:00,1,1
523,,,MUSI0451-003,목 1A1B,목,,,9:00,1,1
524,교양,농업생명과학대학,MUSI0461-011,목 1A1B,목,,,9:00,1,1
525,,,MUSI0481-010,금 1A1B,금,,,9:00,1,1
526,전공,농업생명과학대학,MUSI0481-014,목 1A1B,목,,,9:00,1,1
527,전공,농업생명과학대학,MUSI0481-016,금 1A1B,금,,,9:00,1,1
528,전공,농업생명과학대학,MUSI0551-002,수 1A1B,수,,,9:00,1,1
529,전공,농업생명과학대학,MUSI0551-006,수 1A1B,수,,,9:00,1,1
530,,,MUSI0561-008,월 1A1B,월,,,9:00,1,1
531,전공,농업생명과학대학,MUSI0561-009,월 1A1B,월,,,9:00,1,1
532,전공,농업생명과학대학,MUSI0581-010,수 1A1B,수,,,9:00,1,1
533,전공,농업생명과학대학,KMUS0205-001,목 1A1B목 2A2B,목,목,10:00,9:00,40,37
534,전공,농업생명과학대학,KMUS0425-001,금 1A1B금 2A2B금 3A3B금 4A4B,금,금,10:00,9:00,10,11
535,전공,농업생명과학대학,KMUS0425-002,금 1A1B금 2A2B금 3A3B금 4A4B,금,금,10:00,9:00,10,9
536,전공,농업생명과학대학,KMUS0471-001,수 1A1B수 2A2B수 3A3B,수,수,10:00,9:00,30,12
537,전공,농업생명과학대학,ARTS0211-003,화 1A1B2A화 2B3A3B,화,화,10:30,9:00,20,12
538,전공,농업생명과학대학,ARTS0358-001,수 1A1B수 2A2B수 3A3B,수,수,10:00,9:00,20,13
539,교양,농업생명과학대학,ARTS0426-001,목 1A1B목 2A2B목 3A3B,목,목,10:00,9:00,20,20
540,교양,농업생명과학대학,CLTR0472-001,월 1A1B2A수 2B3A3B,월,수,10:30,9:00,70,79
541,교양,농업생명과학대학,CLTR0210-032,금 1A1B2A금 2B3A3B,금,금,10:30,9:00,30,28
542,교양,농업생명과학대학,CLTR0210-018,수 1A1B2A금 1A1B2A,수,금,9:00,9:00,30,14
543,전공,농업생명과학대학,CLTR0534-001,화 2B3A3B목 1A1B2A,화,목,9:00,10:30,70,23
544,전공,농업생명과학대학,EDED0223-001,화 1A1B2A목 2B3A3B,화,목,10:30,9:00,30,6
545,전공,농업생명과학대학,TCHR0601-002,월 1A1B월 2A2B,월,월,10:00,9:00,40,18
546,전공,농업생명과학대학,TCHR0609-001,월 1A1B월 2A2B,월,월,10:00,9:00,40,24
547,전공,농업생명과학대학,TCHR0610-002,수 1A1B수 2A2B,수,수,10:00,9:00,40,40
548,전공필수,농업생명과학대학,ENED0261-001,월 1A1B2A수 2B3A3B,월,수,10:30,9:00,50,37
549,,,ENED0341-001,화 1A1B2A목 2B3A3B,화,목,10:30,9:00,20,23
550,전공필수,농업생명과학대학,ENED0369-001,화 1A1B2A목 2B3A3B,화,목,10:30,9:00,30,25
551,,,ETED0326-001,화 1A1B2A목 1A1B2A,화,목,9:00,9:00,30,38
552,전공,농업생명과학대학,ETED0332-001,금 1A1B2A금 2B3A3B,금,금,10:30,9:00,33,33
553,,,ETED0357-001,월 1A1B2A수 1A1B2A,월,수,9:00,9:00,30,14
554,전공필수,농업생명과학대학,CLTR0112-005,월 1A1B2A수 2B3A3B,월,수,10:30,9:00,70,66
555,전공,농업생명과학대학,CLTR0211-024,월 2B3A3B금 1A1B2A,월,금,9:00,10:30,65,25
556,전공,농업생명과학대학,MTED0211-001,화 2B3A3B목 1A1B2A,화,목,9:00,10:30,30,33
557,전공,농업생명과학대학,MTED0212-001,수 1A1B2A금 2B3A3B,수,금,10:30,9:00,30,30
558,교양,농업생명과학대학,MTED0231-001,화 1A1B2A목 2B3A3B,화,목,10:30,9:00,30,29
559,전공,농업생명과학대학,CLTR0041-019,수 1A1B2A금 2B3A3B,수,금,10:30,9:00,70,68
560,전공,농업생명과학대학,HOED0251-001,화 1A1B2A목 2B3A3B,화,목,10:30,9:00,30,11
561,전공,농업생명과학대학,HOED0253-001,화 2A2B화 3A3B금 1A1B금 2A2B금 3A3B,화,화,11:00,10:00,30,10
562,전공,농업생명과학대학,HOED0375-001,화 2B3A3B목 1A1B2A,화,목,9:00,10:30,30,20
563,전공,농업생명과학대학,TCHR0589-001,수 1A1B2A수 2B3A3B,수,수,10:30,9:00,30,18
564,전공,농업생명과학대학,CLTR0181-001,금 1A1B금 2A2B,금,금,10:00,9:00,30,26
565,전공,농업생명과학대학,CLTR0181-003,목 1A1B목 2A2B,목,목,10:00,9:00,30,29
566,전공,농업생명과학대학,CLTR0658-001,월 1A1B월 2A2B,월,월,10:00,9:00,30,23
567,전공,농업생명과학대학,CLTR0658-002,화 1A1B화 2A2B,화,화,10:00,9:00,30,28
568,교양,농업생명과학대학,CLTR0658-003,수 1A1B수 2A2B,수,수,10:00,9:00,30,30
569,교양,농업생명과학대학,CLTR0658-004,목 1A1B목 2A2B,목,목,10:00,9:00,30,29
570,교양,농업생명과학대학,CLTR0658-005,금 1A1B금 2A2B,금,금,10:00,9:00,30,30
571,교양,농업생명과학대학,PEED0252-001,화 2B3A3B목 1A1B2A,화,목,9:00,10:30,30,23
572,교양,농업생명과학대학,PEED0619-001,월 2B3A3B수 1A1B2A,월,수,9:00,10:30,30,22
573,교양,농업생명과학대학,PEED0626-001,화 1A1B2A목 2B3A3B,화,목,10:30,9:00,30,28
574,전공,농업생명과학대학,PEED0629-001,화 2A2B화 3A3B목 1A1B목 2A2B목 3A3B,화,화,11:00,10:00,30,12
575,전공,농업생명과학대학,TCHR0651-001,화 2B3A3B목 1A1B2A,화,목,9:00,10:30,30,26
576,,,CLTR0205-023,화 2B3A3B목 1A1B2A,화,목,9:00,10:30,30,29
577,전공,농업생명과학대학,DTED0232-001,월 1A1B2A수 2B3A3B,월,수,10:30,9:00,8,8
578,전공,농업생명과학대학,DTED0234-001,화 1A1B2A목 2B3A3B,화,목,10:30,9:00,8,8
579,교양,농업생명과학대학,DTED0251-001,화 2B3A3B목 1A1B2A,화,목,9:00,10:30,8,6
580,전공,농업생명과학대학,DTED0271-001,월 1A1B월 2A2B수 1A1B수 2A2B,월,월,10:00,9:00,8,7
581,전공,농업생명과학대학,TCHR0581-001,월 2B3A3B수 1A1B2A,월,수,9:00,10:30,8,7
582,전공,농업생명과학대학,FRED0216-001,화 1A1B2A목 2B3A3B,화,목,10:30,9:00,15,7
583,전공,농업생명과학대학,FRED0335-001,화 2B3A3B목 1A1B2A,화,목,9:00,10:30,15,8
584,전공,농업생명과학대학,CLTR0103-007,월 1A1B2A수 2B3A3B,월,수,10:30,9:00,70,65
585,기본소양,농업생명과학대학,TCHR0668-001,화 2A2B화 3A3B목 1A1B목 2A2B목 3A3B,화,화,11:00,10:00,50,17
586,,,GEED0524-001,수 1A1B수 2A2B수 3A3B수 4A4B,수,수,10:00,9:00,70,11
587,,,TCHR0633-001,화 1A1B2A목 1A1B2A,화,목,9:00,9:00,70,18
588,,,CLTR0045-016,화 1A1B2A목 2B3A3B,화,목,10:30,9:00,70,63
589,,,SSED0513-001,금 1A1B2A금 2B3A3B,금,금,10:30,9:00,30,24
590,,,TCHR0474-001,월 1A1B월 2A2B월 3A3B월 4A4B,월,월,10:00,9:00,30,28
591,전공기반,농업생명과학대학,PHED0223-001,수 2B3A3B금 1A1B2A,수,금,9:00,10:30,40,18
594,전공기반,농업생명과학대학,TCHR0469-001,금 1A1B금 2A2B금 3A3B,금,금,10:00,9:00,40,17
595,공학전공,농업생명과학대학,CHED0453-001,월 1A1B월 2A2B월 3A3B월 5A5B월 6A6B,월,월,10:00,9:00,20,8
596,기본소양,농업생명과학대학,CHEM0206-002,화 1A1B2A목 2B3A3B,화,목,10:30,9:00,20,15
597,기본소양,농업생명과학대학,CHEM0301-003,월 2B3A3B금 1A1B2A,월,금,9:00,10:30,20,10
598,기본소양,농업생명과학대학,TCHR0677-001,수 1A1B수 2A2B수 3A3B금 2A2B금 3A3B,수,수,10:00,9:00,30,24
599,공학전공,농업생명과학대학,BIED0455-001,토 1A1B토 2A2B토 3A3B,토,토,10:00,9:00,25,13
600,공학전공,농업생명과학대학,BIED0456-001,토 1A1B토 2A2B토 3A3B토 4A4B,토,토,10:00,9:00,25,9
601,전공기반,농업생명과학대학,BIED0457-001,수 1A1B수 2A2B수 3A3B금 2A2B금 3A3B,수,수,10:00,9:00,25,24
602,기본소양,농업생명과학대학,BIOC0621-002,화 1A1B화 2A2B화 3A3B목 2A2B목 3A3B,화,화,10:00,9:00,30,15
603,기본소양,농업생명과학대학,ASAT0205-002,월 2A2B월 3A3B수 1A1B수 2A2B수 3A3B,월,월,11:00,10:00,30,18
604,전공기반,농업생명과학대학,CLTR0041-020,월 2B3A3B금 1A1B2A,월,금,9:00,10:30,70,34
605,공학전공,농업생명과학대학,ESED0514-001,화 2B3A3B목 1A1B2A,화,목,9:00,10:30,30,19
606,공학전공,농업생명과학대학,SCED0234-001,화 2B3A3B목 1A1B2A,화,목,9:00,10:30,30,17
607,전공,농업생명과학대학,SCED0211-001,수 1A1B2A금 2B3A3B,수,금,10:30,9:00,30,18
608,,,SCED0211-002,수 1A1B2A금 2B3A3B,수,금,10:30,9:00,60,58
609,전공필수,농업생명과학대학,SCED0231-002,화 2B3A3B목 1A1B2A,화,목,9:00,10:30,80,53
610,전공필수,농업생명과학대학,TCHR0441-001,수 1A1B2A수 2B3A3B,수,수,10:30,9:00,24,2
611,전공,농업생명과학대학,VETE0205-001,수 1A1B목 2A2B목 3A3B,수,목,10:00,9:00,80,55
612,교양,예술대학,VETE0210-001,월 1A1B월 2A2B화 1A1B,월,월,10:00,9:00,80,55
613,교양,예술대학,VETE0303-001,수 1A1B,수,,,9:00,80,51
615,전공,예술대학,VETE0448-001,화 1A1B수 2A2B수 3A3B,화,수,10:00,9:00,80,60
616,전공,예술대학,VETE0501-001,월 1A1B월 2A2B화 2A2B화 3A3B,월,월,10:00,9:00,80,63
618,전공,예술대학,CLTR0090-004,월 1A1B2A수 2B3A3B,월,수,10:30,9:00,60,56
619,전공,예술대학,CLTR0102-002,화 1A1B2A목 2B3A3B,화,목,10:30,9:00,70,21
620,전공,예술대학,CLTR0215-023,월 2B3A3B금 1A1B2A,월,금,9:00,10:30,65,52
621,전공,예술대학,PREV0215-001,수 1A1B,수,,,9:00,70,46
622,전공,예술대학,CLTR0210-020,수 1A1B2A금 2B3A3B,수,금,10:30,9:00,30,25
623,전공,예술대학,CLTR0211-027,화 1A1B2A목 2B3A3B,화,목,10:30,9:00,65,27
624,전공,예술대학,CLTX0228-001,월 2B3A3B금 1A1B2A,월,금,9:00,10:30,30,24
625,전공,예술대학,CLTX0254-001,월 1A1B2A수 2B3A3B,월,수,10:30,9:00,30,20
626,전공필수,예술대학,CLTX0258-001,화 1A1B2A목 2B3A3B,화,목,10:30,9:00,30,33
627,전공필수,예술대학,CLTX0353-001,수 2B3A3B금 1A1B2A,수,금,9:00,10:30,30,26
628,전공필수,예술대학,CLTX0355-001,화 2B3A3B목 1A1B2A,화,목,9:00,10:30,30,34
629,전공필수,예술대학,TCHR0571-001,월 1A1B월 2A2B월 3A3B,월,월,10:00,9:00,5,2
630,전공필수,예술대학,BIOC0431-003,화 1A1B2A목 2B3A3B,화,목,10:30,9:00,30,34
631,전공,예술대학,BIOC0521-001,화 1A1B2A목 2B3A3B,화,목,10:30,9:00,22,25
632,전공,예술대학,CLTR0045-017,화 2B3A3B목 1A1B2A,화,목,9:00,10:30,70,11
633,전공,예술대학,CLTR0215-024,월 2B3A3B금 1A1B2A,월,금,9:00,10:30,65,21
634,전공,예술대학,CLTR0246-006,월 1A1B2A수 2B3A3B,월,수,10:30,9:00,65,42
635,전공,예술대학,FSNU0331-001,월 2B3A3B수 1A1B2A,월,수,9:00,10:30,30,31
636,전공,예술대학,FSNU0427-001,금 1A1B금 2A2B금 3A3B금 4A4B,금,금,10:00,9:00,15,25
637,전공,예술대학,FSNU0435-001,화 2B3A3B목 1A1B2A,화,목,9:00,10:30,30,31
638,교양,예술대학,FSNU0534-001,월 1A1B2A수 2B3A3B,월,수,10:30,9:00,25,33
639,교양,사범대학,FSNU0546-001,화 2B3A3B목 1A1B2A,화,목,9:00,10:30,20,27
640,,,CHFA0221-001,수 1A1B2A금 2B3A3B,수,금,10:30,9:00,50,50
641,교양,사범대학,CLTR0210-021,화 1A1B2A목 2B3A3B,화,목,10:30,9:00,30,30
642,교양,사범대학,CLTR0210-022,화 1A1B2A목 2B3A3B,화,목,10:30,9:00,30,11
643,전공,사범대학,CHFA0212-001,화 2B3A3B목 1A1B2A,화,목,9:00,10:30,25,22
644,교직,사범대학,CHFA0244-001,월 2B3A3B수 1A1B2A,월,수,9:00,10:30,25,23
645,교직,사범대학,CHFA0269-001,월 1A1B2A수 2B3A3B,월,수,10:30,9:00,25,28
646,교직,사범대학,WELF0205-001,월 2B3A3B수 1A1B2A,월,수,9:00,10:30,25,23
647,전공,사범대학,CHFA0211-001,화 2B3A3B목 1A1B2A,화,목,9:00,10:30,35,32
648,전공,사범대학,CHFA0259-001,월 2B3A3B금 1A1B2A,월,금,9:00,10:30,25,16
649,전공,사범대학,CHFA0294-001,월 1A1B2A수 2B3A3B,월,수,10:30,9:00,25,25
650,전공,사범대학,CHID0204-001,금 1A1B금 2A2B금 3A3B금 4A4B,금,금,10:00,9:00,28,28
651,전공,사범대학,CLTR0067-005,월 1A1B2A수 2B3A3B,월,수,10:30,9:00,70,55
652,전공,사범대학,CLTR0067-006,월 1A1B2A수 2B3A3B,월,수,10:30,9:00,70,44
653,교양,사범대학,CLTR0246-007,수 1A1B2A금 2B3A3B,수,금,10:30,9:00,65,61
654,교양,사범대학,CLTR0246-008,수 1A1B2A금 2B3A3B,수,금,10:30,9:00,65,63
655,전공필수,사범대학,CLTR0022-003,월 2B3A3B금 1A1B2A,월,금,9:00,10:30,50,40
656,전공,사범대학,CLTR0044-007,화 1A1B2A목 2B3A3B,화,목,10:30,9:00,70,61
657,전공,사범대학,CLTR0073-005,금 1A1B2A금 2B3A3B,금,금,10:30,9:00,70,27
658,교양,사범대학,CLTR0508-004,화 2B3A3B목 1A1B2A,화,목,9:00,10:30,70,69
659,전공,사범대학,CLTR0045-020,화 1A1B2A목 2B3A3B,화,목,10:30,9:00,70,68
660,전공,사범대학,CLTR0213-021,월 1A1B2A수 2B3A3B,월,수,10:30,9:00,65,62
661,전공,사범대학,CLTR0215-026,화 2B3A3B목 1A1B2A,화,목,9:00,10:30,65,59
662,,,CLTR0215-027,화 2B3A3B목 1A1B2A,화,목,9:00,10:30,65,57
663,,,CLTR0246-010,화 1A1B2A목 2B3A3B,화,목,10:30,9:00,65,58
664,전공,사범대학,CLTR0246-011,화 1A1B2A목 2B3A3B,화,목,10:30,9:00,65,55
665,교양,사범대학,CLTR0215-028,수 1A1B2A금 2B3A3B,수,금,10:30,9:00,70,52
666,교양,사범대학,PRED0201-001,월 2B3A3B금 1A1B2A,월,금,9:00,10:30,70,53
667,교양,사범대학,CLTR0205-036,토 1A1B토 2A2B토 3A3B,토,토,10:00,9:00,1,10
668,교양,사범대학,CLTR0210-023,월 1A1B2A월 2B3A3B,월,월,10:30,9:00,30,27
669,교양,사범대학,FREN0220-001,수 1A1B2A수 2B3A3B,수,수,10:30,9:00,40,18
670,교양,사범대학,FREN0257-001,목 1A1B2A목 2B3A3B,목,목,10:30,9:00,40,30
671,교양,사범대학,FREN0314-001,수 1A1B2A수 2B3A3B,수,수,10:30,9:00,40,38
672,전공,사범대학,BIOC0435-001,화 1A1B2A화 2B3A3B,화,화,10:30,9:00,40,27
673,전공,사범대학,DPRE0220-001,화 7A7B8A목 1A1B2A,화,목,9:00,15:00,40,28
674,전공,사범대학,DPRE0224-001,화 1A1B2A목 2B3A3B,화,목,10:30,9:00,40,4
675,전공,사범대학,INDC0411-004,수 5B6A6B목 1A1B2A,수,목,9:00,13:30,40,15
676,전공,사범대학,ANSC0466-001,수 1A1B수 2A2B수 3A3B수 4A4B,수,수,10:00,9:00,35,38
677,교양,사범대학,CLTR0246-018,화 1A1B2A목 2B3A3B,화,목,10:30,9:00,60,62
678,전공,사범대학,CLTR0246-019,토 1A1B토 2A2B토 3A3B,토,토,10:00,9:00,1,6
679,전공,사범대학,CLTR0568-002,월 2B3A3B금 1A1B2A,월,금,9:00,10:30,60,46
680,전공,사범대학,DOAS0305-001,월 2B3A3B금 1A1B2A,월,금,9:00,10:30,35,18
681,전공,사범대학,DOAS0379-001,금 1A1B금 2A2B금 3A3B금 4A4B,금,금,10:00,9:00,35,40
682,전공,사범대학,DOAS0383-001,목 1A1B목 2A2B목 3A3B목 4A4B,목,목,10:00,9:00,35,38
683,전공,사범대학,DOAS0384-001,화 2B3A3B목 1A1B2A,화,목,9:00,10:30,60,32
684,전공,사범대학,DOAS0418-001,화 1A1B화 2A2B화 3A3B화 4A4B,화,화,10:00,9:00,35,16
685,교양,사범대학,DOAS0509-001,화 1A1B2A목 2B3A3B,화,목,10:30,9:00,35,32
686,전공,사범대학,DOAS0513-001,월 1A1B월 2A2B월 3A3B월 4A4B,월,월,10:00,9:00,35,35
687,전공,사범대학,DOLS0211-001,수 1A1B수 2A2B,수,수,10:00,9:00,60,59
688,전공,사범대학,DOLS0216-001,수 1A1B수 2A2B수 3A3B,수,수,10:00,9:00,30,35
689,교양,사범대학,BIED0514-001,화 2B3A3B목 1A1B2A,화,목,9:00,10:30,30,18
690,전공,사범대학,DOAB0201-001,월 1A1B2A금 2B3A3B,월,금,10:30,9:00,30,14
691,전공,사범대학,DOAB0208-001,화 1A1B2A목 2B3A3B,화,목,10:30,9:00,30,12
692,전공,사범대학,DOAB0429-001,월 1A1B월 2A2B월 3A3B월 4A4B,월,월,10:00,9:00,30,23
693,전공,사범대학,DOAB0442-001,수 1A1B수 2A2B수 3A3B수 4A4B,수,수,10:00,9:00,30,29
694,전공,사범대학,ECOT0304-001,월 1A1B2A수 2B3A3B,월,수,10:30,9:00,30,30
695,전공,사범대학,ECOT0408-001,화 1A1B2A목 2B3A3B,화,목,10:30,9:00,30,19
696,전공,사범대학,ECOT0421-001,화 1A1B2A목 2B3A3B,화,목,10:30,9:00,30,16
697,전공필수,사범대학,ECOT0511-001,화 2B3A3B목 1A1B2A,화,목,9:00,10:30,30,30
698,전공,사범대학,ECOT0521-001,금 1A1B2A금 2B3A3B,금,금,10:30,9:00,30,17
699,전공,사범대학,ECOT0522-001,금 1A1B2A금 2B3A3B,금,금,10:30,9:00,30,13
700,전공,사범대학,ANSC0432-002,화 1A1B2A목 2B3A3B,화,목,10:30,9:00,35,29
701,전공,사범대학,ANSC0538-001,화 1A1B화 2A2B화 3A3B화 4A4B,화,화,10:00,9:00,35,10
702,전공,사범대학,CLTR0246-020,화 1A1B2A목 2B3A3B,화,목,10:30,9:00,60,59
703,,,CLTR0373-007,수 1A1B수 2A2B수 3A3B수 4A4B,수,수,10:00,9:00,40,40
704,전공,사범대학,CLTR0609-002,화 1A1B2A목 2B3A3B,화,목,10:30,9:00,60,58
705,전공,사범대학,DOAS0321-001,화 1A1B2A목 2B3A3B,화,목,10:30,9:00,35,13
706,교양,사범대학,DOAS0367-002,화 2B3A3B목 1A1B2A,화,목,9:00,10:30,35,27
707,전공,사범대학,DOAS0382-001,금 1A1B금 2A2B금 3A3B금 4A4B,금,금,10:00,9:00,35,14
708,전공,사범대학,DOAS0392-001,월 1A1B월 2A2B월 3A3B월 4A4B,월,월,10:00,9:00,35,24
709,전공,사범대학,DOAS0403-001,수 1A1B수 2A2B수 3A3B,수,수,10:00,9:00,35,35
710,전공,사범대학,DOAS0406-001,월 1A1B월 2A2B월 3A3B월 4A4B,월,월,10:00,9:00,35,34
711,전공,사범대학,DOAS0509-002,화 2B3A3B목 1A1B2A,화,목,9:00,10:30,35,19
712,전공,사범대학,DOAB0201-002,월 2B3A3B금 1A1B2A,월,금,9:00,10:30,30,25
713,전공,수의과대학,DOAB0221-001,월 5B6A6B목 1A1B2A,월,목,9:00,13:30,30,28
714,,,VEEN0201-001,화 1A1B화 2A2B화 3A3B화 4A4B,화,화,10:00,9:00,30,30
715,전공,수의과대학,CLTR0016-006,수 1A1B2A금 2B3A3B,수,금,10:30,9:00,60,27
716,전공,수의과대학,CLTR0091-003,화 1A1B2A목 2B3A3B,화,목,10:30,9:00,60,27
717,전공,수의과대학,ECOT0201-001,화 2B3A3B목 1A1B2A,화,목,9:00,10:30,30,30
718,전공,수의과대학,EQCO0214-001,화 1A1B화 2A2B화 3A3B화 4A4B,화,화,10:00,9:00,30,25
719,전공,수의과대학,EQCO0220-001,수 1A1B수 2A2B수 3A3B수 4A4B,수,수,10:00,9:00,30,30
720,,,EQCO0223-001,수 1A1B수 2A2B수 3A3B수 4A4B,수,수,10:00,9:00,30,31
721,,,FORE0571-001,월 1A1B월 2A2B월 3A3B월 4A4B,월,월,10:00,9:00,30,40
722,전공,수의과대학,CLTR0801-001,수 1A1B수 2A2B수 3A3B수 4A4B,수,수,10:00,9:00,40,45
723,,,COMP0319-001,금 1A1B2A금 2B3A3B,금,금,10:30,9:00,40,20
724,교양,수의과대학,COMP0422-001,목 1A1B목 2A2B목 3A3B,목,목,10:00,9:00,40,41
725,교양,수의과대학,EECS0324-001,수 1A1B수 2A2B수 3A3B,수,수,10:00,9:00,30,26
726,교양,수의과대학,EECS0420-001,목 1A1B목 2A2B목 3A3B목 4A4B,목,목,10:00,9:00,40,16
727,전공,수의과대학,EECS0499-001,금 1A1B금 2A2B금 3A3B,금,금,10:00,9:00,15,12
728,교양,생활과학대학,CLTR0041-021,월 1A1B2A수 2B3A3B,월,수,10:30,9:00,70,64
729,교양,생활과학대학,CLTR0211-029,화 1A1B2A목 2B3A3B,화,목,10:30,9:00,65,44
730,전공,생활과학대학,CLTR0213-023,화 2B3A3B목 1A1B2A,화,목,9:00,10:30,65,50
731,전공,생활과학대학,ELEC0241-001,화 1A1B2A목 5B6A6B,화,목,13:30,9:00,70,72
732,전공,생활과학대학,ELEC0243-009,화 5B6A6B목 1A1B2A,화,목,9:00,13:30,55,71
733,전공,생활과학대학,ELEC0251-001,월 1A1B월 2A2B월 3A3B월 4A4B,월,월,10:00,9:00,30,31
734,전공,생활과학대학,ELEC0251-002,월 1A1B월 2A2B월 3A3B월 4A4B,월,월,10:00,9:00,30,30
735,교직,생활과학대학,ELEC0321-001,화 5B6A6B목 1A1B2A,화,목,9:00,13:30,55,55
736,전공,생활과학대학,ELEC0321-002,화 5B6A6B목 1A1B2A,화,목,9:00,13:30,55,52
737,전공,생활과학대학,ELEC0321-003,화 5B6A6B목 1A1B2A,화,목,9:00,13:30,55,41
738,교양,생활과학대학,ELEC0323-001,화 1A1B2A목 5B6A6B,화,목,13:30,9:00,40,34
739,교양,생활과학대학,ELEC0323-002,화 1A1B2A목 5B6A6B,화,목,13:30,9:00,70,70
740,교양,생활과학대학,ELEC0340-001,월 7A7B8A목 1A1B2A,월,목,9:00,15:00,50,15
741,전공,생활과학대학,ELEC0402-001,목 1A1B목 2A2B목 3A3B목 4A4B,목,목,10:00,9:00,40,46
742,전공,생활과학대학,ELEC0402-002,화 1A1B화 2A2B화 3A3B화 4A4B,화,화,10:00,9:00,40,42
743,전공,생활과학대학,ELEC0471-001,월 1A1B2A수 1A1B2A,월,수,9:00,9:00,60,35
744,전공,생활과학대학,ELEC0506-001,수 1A1B수 2A2B수 3A3B수 4A4B,수,수,10:00,9:00,20,19
745,전공,생활과학대학,ELEC0520-001,목 1A1B목 2A2B목 3A3B목 4A4B,목,목,10:00,9:00,40,38
746,전공기초,생활과학대학,ELEC0520-002,목 1A1B목 2A2B목 3A3B목 4A4B,목,목,10:00,9:00,40,40
747,교양,생활과학대학,ELEC0520-003,금 1A1B금 2A2B금 3A3B금 4A4B,금,금,10:00,9:00,40,29
748,교양,생활과학대학,ELEC0520-004,금 1A1B금 2A2B금 3A3B금 4A4B,금,금,10:00,9:00,40,40
749,전공,생활과학대학,ITEC0201-001,월 2B3A3B수 1A1B2A,월,수,9:00,10:30,55,52
750,,,ITEC0403-001,월 1A1B2A금 2B3A3B,월,금,10:30,9:00,80,76
751,전공,생활과학대학,ITEC0403-002,수 1A1B2A금 5B6A6B,수,금,13:30,9:00,80,79
752,전공필수,생활과학대학,CLTR0041-022,월 1A1B2A수 2B3A3B,월,수,10:30,9:00,70,68
753,전공,생활과학대학,CLTR0211-030,화 1A1B2A목 2B3A3B,화,목,10:30,9:00,65,42
754,전공필수,생활과학대학,CLTR0213-024,화 2B3A3B목 1A1B2A,화,목,9:00,10:30,65,47
755,전공,생활과학대학,ELEC0241-002,화 1A1B2A목 5B6A6B,화,목,13:30,9:00,70,55
756,전공,생활과학대학,ELEC0520-005,월 1A1B월 2A2B월 3A3B월 4A4B,월,월,10:00,9:00,40,40
757,전공,생활과학대학,ELEC0520-006,월 1A1B월 2A2B월 3A3B월 4A4B,월,월,10:00,9:00,40,38
758,교양,간호대학,ITEC0201-002,월 2B3A3B수 1A1B2A,월,수,9:00,10:30,55,57
759,교양,간호대학,CLTR0041-023,월 1A1B2A수 2B3A3B,월,수,10:30,9:00,70,67
760,교양,간호대학,CLTR0211-031,화 1A1B2A목 2B3A3B,화,목,10:30,9:00,65,52
761,교양,간호대학,CLTR0213-025,화 2B3A3B목 1A1B2A,화,목,9:00,10:30,65,55
762,,,ELEC0241-003,화 1A1B2A목 5B6A6B,화,목,13:30,9:00,70,74
763,,,ELEC0251-005,목 1A1B목 2A2B목 3A3B목 4A4B,목,목,10:00,9:00,35,33
764,교양,자율전공부,ELEC0251-006,목 1A1B목 2A2B목 3A3B목 4A4B,목,목,10:00,9:00,35,35
765,교양,자율전공부,ITEC0201-003,월 2B3A3B수 1A1B2A,월,수,9:00,10:30,55,59
766,교양,자율전공부,CLTR0041-024,월 1A1B2A수 2B3A3B,월,수,10:30,9:00,70,77
767,교양,자율전공부,CLTR0211-032,화 1A1B2A목 2B3A3B,화,목,10:30,9:00,65,46
768,교양,자율전공부,CLTR0213-026,화 2B3A3B목 1A1B2A,화,목,9:00,10:30,65,54
769,교양,자율전공부,ELEC0211-007,금 1A1B금 2A2B금 3A3B금 4A4B,금,금,10:00,9:00,30,31
770,교양,의과대학,ELEC0211-008,금 1A1B금 2A2B금 3A3B금 4A4B,금,금,10:00,9:00,30,30
771,교양,의과대학,ELEC0241-004,화 1A1B2A목 5B6A6B,화,목,13:30,9:00,70,67
772,교양,의과대학,ELEC0251-007,금 1A1B금 2A2B금 3A3B금 4A4B,금,금,10:00,9:00,30,31
773,교양,의과대학,ELEC0251-008,금 1A1B금 2A2B금 3A3B금 4A4B,금,금,10:00,9:00,30,29
774,교양,치과대학,MTED0231-005,월 5B6A6B수 1A1B2A,월,수,9:00,13:30,60,84
775,전공,치과대학,CLTR0211-033,화 2B3A3B목 1A1B2A,화,목,9:00,10:30,65,47
776,교양,생태환경대학,CLTR0213-027,화 1A1B2A목 2B3A3B,화,목,10:30,9:00,65,48
777,,,ELEC0212-001,금 1A1B2A금 2B3A3B,금,금,10:30,9:00,55,54
778,교양,생태환경대학,ELEC0212-002,금 1A1B2A금 2B3A3B,금,금,10:30,9:00,55,52
779,,,ELEC0212-003,금 1A1B2A금 2B3A3B,금,금,10:30,9:00,55,49
780,,,ELEC0212-004,금 1A1B2A금 2B3A3B,금,금,10:30,9:00,55,22
781,,,ELEC0243-006,화 5B6A6B목 1A1B2A,화,목,9:00,13:30,55,50
782,전공,생태환경대학,ELEC0332-003,월 2B3A3B수 1A1B2A,월,수,9:00,10:30,50,54
783,,,ELEC0332-004,월 2B3A3B수 1A1B2A,월,수,9:00,10:30,50,61
784,,,ELEC0332-005,월 2B3A3B수 1A1B2A,월,수,9:00,10:30,50,40
785,전공,생태환경대학,ELEC0520-007,수 1A1B수 2A2B수 3A3B수 4A4B,수,수,10:00,9:00,40,40
786,전공필수,생태환경대학,ELEC0520-008,수 1A1B수 2A2B수 3A3B수 4A4B,수,수,10:00,9:00,40,40
787,전공,생태환경대학,MTED0231-006,월 1A1B2A수 5B6A6B,월,수,13:30,9:00,75,78
788,전공,생태환경대학,CLTR0045-023,월 1A1B2A수 2B3A3B,월,수,10:30,9:00,70,66
789,전공,생태환경대학,CLTR0211-034,화 2B3A3B목 1A1B2A,화,목,9:00,10:30,65,60
790,전공,생태환경대학,CLTR0213-028,화 1A1B2A목 2B3A3B,화,목,10:30,9:00,65,60
791,전공,생태환경대학,ELEC0243-007,화 5B6A6B목 1A1B2A,화,목,9:00,13:30,55,55
792,교양,생태환경대학,ELEC0251-011,화 1A1B화 2A2B화 3A3B화 4A4B,화,화,10:00,9:00,30,30
793,교양,생태환경대학,ELEC0251-012,화 1A1B화 2A2B화 3A3B화 4A4B,화,화,10:00,9:00,30,26
794,교양,생태환경대학,CLTR0211-035,화 2B3A3B목 1A1B2A,화,목,9:00,10:30,65,62
795,,,CLTR0213-029,화 1A1B2A목 2B3A3B,화,목,10:30,9:00,65,46
796,,,ELEC0243-008,화 5B6A6B목 1A1B2A,화,목,9:00,13:30,55,51
797,전공,생태환경대학,MTED0231-008,월 1A1B2A금 2B3A3B,월,금,10:30,9:00,75,74
798,전공,생태환경대학,CLTR0102-003,화 1A1B2A목 2B3A3B,화,목,10:30,9:00,70,30
799,전공,생태환경대학,COMP0325-001,화 7A7B8A수 1A1B2A,화,수,9:00,15:00,35,21
800,전공,생태환경대학,MOBI0212-001,금 1A1B2A금 2B3A3B,금,금,10:30,9:00,35,28
801,전공,생태환경대학,CLTR0211-036,화 1A1B2A목 2B3A3B,화,목,10:30,9:00,65,37
802,전공,생태환경대학,CLTR0211-037,화 1A1B2A목 2B3A3B,화,목,10:30,9:00,65,59
803,전공,생태환경대학,CLTR0213-030,화 2B3A3B목 1A1B2A,화,목,9:00,10:30,65,61
804,전공,생태환경대학,CLTR0213-031,화 2B3A3B목 1A1B2A,화,목,9:00,10:30,65,63
805,,,COMP0217-001,화 1A1B화 2A2B화 3A3B화 4A4B,화,화,10:00,9:00,40,38
806,전공,생태환경대학,COMP0217-002,목 1A1B목 2A2B목 3A3B목 4A4B,목,목,10:00,9:00,40,39
807,전공필수,생태환경대학,COMP0217-003,월 1A1B월 2A2B월 3A3B월 4A4B,월,월,10:00,9:00,40,44
808,,,COMP0217-004,금 1A1B금 2A2B금 3A3B금 4A4B,금,금,10:00,9:00,40,46
809,전공필수,생태환경대학,COMP0312-006,화 2B3A3B목 1A1B2A,화,목,9:00,10:30,60,105
810,전공,생태환경대학,COMP0315-001,월 1A1B2A수 2B3A3B,월,수,10:30,9:00,60,58
811,전공필수,생태환경대학,COMP0315-002,월 2B3A3B수 1A1B2A,월,수,9:00,10:30,60,56
812,전공필수,생태환경대학,COMP0315-003,화 2B3A3B목 1A1B2A,화,목,9:00,10:30,60,58
813,전공필수,생태환경대학,COMP0319-002,화 1A1B2A목 2B3A3B,화,목,10:30,9:00,60,61
814,,,COMP0319-003,화 1A1B2A목 2B3A3B,화,목,10:30,9:00,60,66
815,전공,생태환경대학,COMP0319-004,화 2B3A3B목 1A1B2A,화,목,9:00,10:30,60,52
816,,,EECS0312-004,수 1A1B수 2A2B수 3A3B수 4A4B,수,수,10:00,9:00,40,44
817,전공,생태환경대학,ENGR0211-014,월 1A1B2A수 2B3A3B,월,수,10:30,9:00,62,58
818,전공필수,생태환경대학,ENGR0211-015,월 2B3A3B수 1A1B2A,월,수,9:00,10:30,62,60
819,,,ITEC0201-009,월 1A1B2A수 1A1B2A,월,수,9:00,9:00,60,66
820,전공,생태환경대학,TCHR0499-001,금 1A1B2A금 2B3A3B,금,금,10:30,9:00,30,5
821,전공,생태환경대학,CLTR0211-038,월 1A1B2A수 2B3A3B,월,수,10:30,9:00,65,44
822,,,CLTR0211-039,월 1A1B2A수 2B3A3B,월,수,10:30,9:00,65,46
823,전공필수,생태환경대학,COME0301-001,화 2B3A3B목 1A1B2A,화,목,9:00,10:30,60,64
824,,,COME0301-002,화 1A1B2A목 2B3A3B,화,목,10:30,9:00,60,56
825,전공,생태환경대학,COMP0217-006,화 1A1B화 2A2B화 3A3B화 4A4B,화,화,10:00,9:00,40,40
826,,,GLSO0215-002,금 1A1B금 2A2B금 3A3B금 4A4B,금,금,10:00,9:00,40,48
827,교양,생태환경대학,GLSO0216-001,월 1A1B월 2A2B월 3A3B월 4A4B,월,월,10:00,9:00,40,41
828,교양,생태환경대학,GLSO0216-002,수 1A1B수 2A2B수 3A3B수 4A4B,수,수,10:00,9:00,40,42
829,교양,생태환경대학,GLSO0216-003,목 1A1B목 2A2B목 3A3B목 4A4B,목,목,10:00,9:00,40,39
830,,,ITEC0201-011,화 1A1B2A목 2B3A3B,화,목,10:30,9:00,60,71
831,전공,생태환경대학,ITEC0201-012,화 2B3A3B목 1A1B2A,화,목,9:00,10:30,60,64
832,,,ITEC0416-001,화 1A1B화 2A2B화 3A3B화 4A4B,화,화,10:00,9:00,40,39
833,전공필수,생태환경대학,COMP0420-001,금 1A1B금 2A2B금 3A3B금 4A4B,금,금,10:00,9:00,40,40
834,,,ITEC0415-001,수 1A1B수 2A2B수 3A3B수 4A4B,수,수,10:00,9:00,40,48
835,전공,생태환경대학,CLTR0045-027,월 1A1B2A수 2B3A3B,월,수,10:30,9:00,70,73
836,,,CLTR0205-031,화 2B3A3B목 1A1B2A,화,목,9:00,10:30,30,30
837,전공,생태환경대학,CLTR0211-040,월 2B3A3B금 1A1B2A,월,금,9:00,10:30,50,25
838,,,CLTR0211-041,월 2B3A3B금 1A1B2A,월,금,9:00,10:30,50,36
839,전공,생태환경대학,CLTR0215-033,수 1A1B2A금 2B3A3B,수,금,10:30,9:00,65,33
840,전공필수,생태환경대학,EECS0201-002,화 1A1B화 2A2B화 3A3B화 4A4B,화,화,10:00,9:00,30,26
841,,,EECS0201-004,목 1A1B목 2A2B목 3A3B목 4A4B,목,목,10:00,9:00,30,26
842,전공,생태환경대학,ELEC0241-008,화 1A1B2A목 2B3A3B,화,목,10:30,9:00,60,61
843,,,ELEC0241-009,화 1A1B2A목 2B3A3B,화,목,10:30,9:00,50,52
844,전공,생태환경대학,ELEC0247-011,화 2B3A3B목 1A1B2A,화,목,9:00,10:30,50,52
845,전공,생태환경대학,ELEC0321-007,월 2B3A3B금 1A1B2A,월,금,9:00,10:30,60,27
846,,,ELEC0431-001,화 1A1B2A목 2B3A3B,화,목,10:30,9:00,50,50
847,전공,생태환경대학,ELEC0431-002,화 2B3A3B목 1A1B2A,화,목,9:00,10:30,50,49
848,교양,생태환경대학,ENGR0212-001,월 2B3A3B금 1A1B2A,월,금,9:00,10:30,60,73
849,,,PHAR0211-001,수 1A1B,수,,,9:00,40,30
850,교양,생태환경대학,PHAR0217-001,금 1A1B금 2A2B금 3A3B금 5A5B금 6A6B금 7A7B금 8A8B금 9A9B,금,금,10:00,9:00,40,30
851,,,PHAR0227-001,월 2B3A3B수 1A1B2A,월,수,9:00,10:30,40,30
852,전공,생태환경대학,PHAR0228-001,월 1A1B2A수 2B3A3B,월,수,10:30,9:00,40,30
853,,,PHAR0234-001,금 1A1B금 2A2B금 3A3B금 5A5B금 6A6B금 7A7B금 8A8B금 9A9B,금,금,10:00,9:00,40,30
854,전공,생태환경대학,PHAR0246-001,월 2B3A3B수 1A1B2A,월,수,9:00,10:30,40,30
855,전공,생태환경대학,PHAR0284-001,금 1A1B금 2A2B금 3A3B금 5A5B금 6A6B금 7A7B금 8A8B금 9A9B,금,금,10:00,9:00,40,30
856,전공,생태환경대학,PHAR0287-001,화 1A1B2A목 1A1B2A,화,목,9:00,9:00,40,30
857,전공,생태환경대학,PHAR0292-001,화 1A1B2A목 2B3A3B,화,목,10:30,9:00,40,30
858,교양,IT대학,PHAR0294-001,화 2B3A3B목 1A1B2A,화,목,9:00,10:30,40,30
859,전공,IT대학,PHAR0301-001,월 1A1B2A수 2B3A3B,월,수,10:30,9:00,40,30
860,,,CLTR0233-008,수 1A1B수 2A2B,수,수,10:00,9:00,20,20
861,전공,IT대학,CLTR0233-009,목 1A1B목 2A2B,목,목,10:00,9:00,20,12
862,,,CLTR0045-028,수 1A1B2A금 2B3A3B,수,금,10:30,9:00,70,70
863,전공,IT대학,CLTR0061-003,화 2B3A3B목 1A1B2A,화,목,9:00,10:30,70,70
864,전공,IT대학,CLTR0256-001,월 2B3A3B금 1A1B2A,월,금,9:00,10:30,150,142
865,전공,IT대학,CLTR0751-001,월 1A1B2A수 2B3A3B,월,수,10:30,9:00,100,98
866,교양,IT대학,PUAD0241-002,월 2B3A3B수 1A1B2A,월,수,9:00,10:30,50,47
867,교양,IT대학,PUAD0251-001,화 1A1B2A목 2B3A3B,화,목,10:30,9:00,99,107
868,교양,IT대학,PUAD0251-002,월 2B3A3B수 1A1B2A,월,수,9:00,10:30,50,21
869,전공,IT대학,PUAD0273-001,화 2B3A3B목 1A1B2A,화,목,9:00,10:30,70,65
870,전공,IT대학,PUAD0292-001,화 2B3A3B목 1A1B2A,화,목,9:00,10:30,70,57
871,전공필수,IT대학,PUAD0453-001,화 1A1B2A목 2B3A3B,화,목,10:30,9:00,70,42
872,전공필수,IT대학,PUAD0414-001,화 2B3A3B목 1A1B2A,화,목,9:00,10:30,99,106
873,전공,IT대학,CAIB0226-001,화 2B3A3B목 1A1B2A,화,목,9:00,10:30,20,14
874,전공,IT대학,CAIB0227-001,화 1A1B2A목 2B3A3B,화,목,10:30,9:00,20,15
875,전공,IT대학,COMP0455-001,월 2B3A3B금 1A1B2A,월,금,9:00,10:30,20,7
876,전공,IT대학,ITEC0424-001,목 1A1B2A목 2B3A3B,목,목,10:30,9:00,20,10
877,전공,IT대학,CMEB0204-001,수 1A1B수 2A2B수 3A3B수 4A4B,수,수,10:00,9:00,27,9
878,전공,IT대학,CMEB0208-001,목 1A1B2A목 2B3A3B,목,목,10:30,9:00,27,9
879,,,CMEB0213-001,월 1A1B2A월 2B3A3B,월,월,10:30,9:00,27,5
880,전공,IT대학,CMEB0223-001,화 1A1B2A화 2B3A3B,화,화,10:30,9:00,27,7
881,전공,IT대학,CROS0201-001,수 1A1B2A금 2B3A3B,수,금,10:30,9:00,20,7
882,전공,IT대학,CROS0213-001,화 1A1B2A목 2B3A3B,화,목,10:30,9:00,20,4
883,전공,IT대학,CROS0214-001,화 2B3A3B목 1A1B2A,화,목,9:00,10:30,20,3
884,전공,IT대학,ELEC0483-001,수 2B3A3B금 1A1B2A,수,금,9:00,10:30,20,8
885,전공,IT대학,ENGR0211-016,화 2B3A3B목 1A1B2A,화,목,9:00,10:30,20,3
886,전공,IT대학,CHYE0216-001,화 1A1B2A화 2B3A3B,화,화,10:30,9:00,20,4
887,전공,IT대학,CLTR0041-030,수 1A1B2A금 2B3A3B,수,금,10:30,9:00,60,58
888,전공,IT대학,CLTR0205-038,화 2B3A3B목 1A1B2A,화,목,9:00,10:30,30,32
889,전공,IT대학,CLTR0205-040,화 1A1B2A목 2B3A3B,화,목,10:30,9:00,30,30
890,전공,IT대학,CLTR0213-034,화 2B3A3B목 1A1B2A,화,목,9:00,10:30,60,58
891,교양,IT대학,CLTR0213-035,화 1A1B2A목 2B3A3B,화,목,10:30,9:00,60,58
892,교양,IT대학,CLTR0376-002,화 1A1B2A목 2B3A3B,화,목,10:30,9:00,60,9
893,교양,IT대학,CLTR0688-002,월 1A1B2A수 2B3A3B,월,수,10:30,9:00,60,64
894,전공,IT대학,CDEE0401-001,금 1A1B금 2A2B금 3A3B금 4A4B,금,금,10:00,9:00,20,19
895,전공,IT대학,CDEE0423-001,목 1A1B2A목 2B3A3B,목,목,10:30,9:00,40,29
896,전공,IT대학,CDEE0508-001,수 1A1B2A수 2B3A3B,수,수,10:30,9:00,40,41
897,전공,IT대학,CDEE0511-001,화 2B3A3B목 1A1B2A,화,목,9:00,10:30,40,30
898,교양,IT대학,CVLE0401-001,화 1A1B2A목 2B3A3B,화,목,10:30,9:00,40,27
899,교양,IT대학,META0231-002,화 1A1B2A목 2B3A3B,화,목,10:30,9:00,40,25
900,교양,IT대학,ARUE0452-001,화 2B3A3B목 1A1B2A,화,목,9:00,10:30,40,28
901,전공,IT대학,ARUE0454-001,화 1A1B2A목 2B3A3B,화,목,10:30,9:00,40,20
902,전공필수,IT대학,CDEE0333-001,화 1A1B2A목 2B3A3B,화,목,10:30,9:00,40,31
903,전공필수,IT대학,CDEE0337-001,수 1A1B수 2A2B수 3A3B수 4A4B,수,수,10:00,9:00,40,20
904,전공,IT대학,CDEE0463-002,수 1A1B수 2A2B수 3A3B수 4A4B,수,수,10:00,9:00,20,15
905,교양,IT대학,CDEE0554-001,화 1A1B화 2A2B화 3A3B화 4A4B,화,화,10:00,9:00,40,18
906,교양,IT대학,CVLE0408-001,화 2B3A3B목 1A1B2A,화,목,9:00,10:30,40,20
907,교양,IT대학,ACEN0331-002,화 2B3A3B목 1A1B2A,화,목,9:00,10:30,22,25
908,전공,IT대학,CHME0244-001,화 1A1B2A목 2B3A3B,화,목,10:30,9:00,50,46
909,전공,IT대학,CLTR0223-031,목 1A1B목 2A2B,목,목,10:00,9:00,20,12
910,전공,IT대학,MECH0359-001,화 1A1B2A목 2B3A3B,화,목,10:30,9:00,50,21
911,전공필수,IT대학,PMEN0265-001,수 1A1B수 2A2B수 3A3B수 4A4B,수,수,10:00,9:00,50,18
912,전공필수,IT대학,PMEN0266-001,화 2B3A3B목 1A1B2A,화,목,9:00,10:30,50,37
913,전공,IT대학,PMEN0287-001,월 1A1B월 2A2B월 3A3B월 4A4B,월,월,10:00,9:00,20,14
914,교양,IT대학,PMEN0293-001,월 1A1B월 2A2B월 3A3B월 4A4B,월,월,10:00,9:00,22,16
915,교양,IT대학,PMEN0295-001,화 1A1B화 2A2B화 3A3B화 4A4B,화,화,10:00,9:00,35,13
916,전공,IT대학,CLTR0033-002,월 2B3A3B금 1A1B2A,월,금,9:00,10:30,50,10
917,,,CLTR0211-043,화 2B3A3B목 1A1B2A,화,목,9:00,10:30,60,42
918,,,CLTR0213-037,화 1A1B2A목 2B3A3B,화,목,10:30,9:00,60,57
919,,,MAAT0211-001,수 1A1B수 2A2B수 3A3B수 4A4B,수,수,10:00,9:00,35,32
920,전공,IT대학,AUTO0224-001,화 5B6A6B수 1A1B2A,화,수,9:00,13:30,40,24
921,,,AUTO0323-001,월 1A1B2A수 2B3A3B,월,수,10:30,9:00,40,30
922,,,CHEN0345-004,화 1A1B2A목 1A1B2A,화,목,9:00,9:00,40,27
923,,,AUTO0324-001,월 5B6A6B수 1A1B2A,월,수,9:00,13:30,40,29
924,전공,IT대학,AUTO0414-001,화 2B3A3B목 1A1B2A,화,목,9:00,10:30,40,26
925,,,MECH0331-004,월 7A7B8A금 1A1B2A,월,금,9:00,15:00,40,32
926,,,MECH0358-001,화 1A1B2A목 2B3A3B,화,목,10:30,9:00,40,19
927,,,TEXT0225-001,화 1A1B2A목 1A1B2A,화,목,9:00,9:00,40,23
928,전공,IT대학,CLTR0045-029,월 2B3A3B금 1A1B2A,월,금,9:00,10:30,60,59
929,,,CLTR0223-037,수 1A1B수 2A2B,수,수,10:00,9:00,20,22
930,,,AMSE0333-001,목 1A1B목 2A2B목 3A3B목 4A4B,목,목,10:00,9:00,45,26
931,,,AMSE0433-001,화 1A1B화 2A2B화 3A3B화 4A4B,화,화,10:00,9:00,45,20
932,전공,IT대학,CHEM0355-003,화 2B3A3B목 1A1B2A,화,목,9:00,10:30,40,28
933,전공,IT대학,CHME0215-001,목 1A1B2A금 1A1B2A,목,금,9:00,9:00,40,29
934,전공,IT대학,CHME0221-001,월 1A1B2A수 1A1B2A,월,수,9:00,9:00,40,33
935,전공,IT대학,CHME0234-001,목 8B9A9B금 1A1B2A,목,금,9:00,16:30,35,25
936,전공,IT대학,CLTR0094-004,월 1A1B2A수 2B3A3B,월,수,10:30,9:00,60,60
937,전공,IT대학,FOOD0328-002,화 1A1B2A목 2B3A3B,화,목,10:30,9:00,50,43
938,전공,IT대학,FOOD0571-002,화 2B3A3B목 1A1B2A,화,목,9:00,10:30,50,48
939,교양,IT대학,FOOD0585-001,화 1A1B2A목 2B3A3B,화,목,10:30,9:00,50,39
940,교양,IT대학,FOSE0216-001,화 2B3A3B목 1A1B2A,화,목,9:00,10:30,50,30
941,교양,IT대학,FOSE0220-001,화 1A1B2A목 2B3A3B,화,목,10:30,9:00,70,64
942,전공,IT대학,FOSE0220-002,월 2B3A3B금 1A1B2A,월,금,9:00,10:30,50,28
943,전공필수,IT대학,FOSE0317-001,화 1A1B2A목 2B3A3B,화,목,10:30,9:00,50,19
944,전공필수,IT대학,FOSE0323-001,수 1A1B수 2A2B수 3A3B수 4A4B,수,수,10:00,9:00,26,25
945,교양,IT대학,FOSE0326-001,화 2B3A3B목 1A1B2A,화,목,9:00,10:30,50,48
946,교양,IT대학,CLTR0044-008,화 2B3A3B목 1A1B2A,화,목,9:00,10:30,60,47
947,전공,IT대학,CLTR0045-030,월 2B3A3B금 1A1B2A,월,금,9:00,10:30,60,20
948,전공,IT대학,TEXT0214-001,화 5B6A6B목 1A1B2A,화,목,9:00,13:30,45,18
949,교양,IT대학,TEXT0325-001,화 1A1B2A수 5B6A6B,화,수,13:30,9:00,45,16
950,전공,IT대학,TEXT0414-001,수 1A1B수 2A2B수 3A3B수 4A4B,수,수,10:00,9:00,45,10
951,전공,IT대학,TEXT0417-001,화 1A1B2A목 1A1B2A,화,목,9:00,9:00,45,13
952,전공기반,IT대학,CLTR0045-031,월 1A1B2A수 2B3A3B,월,수,10:30,9:00,60,61
953,전공기반,IT대학,CLTR0185-004,수 1A1B2A금 2B3A3B,수,금,10:30,9:00,60,60
954,전공기반,IT대학,CLTR0205-041,화 1A1B2A목 2B3A3B,화,목,10:30,9:00,30,23
955,전공기반,IT대학,CLTR0205-042,화 2B3A3B목 1A1B2A,화,목,9:00,10:30,30,30
956,공학전공,IT대학,CLTR0641-001,화 1A1B2A목 2B3A3B,화,목,10:30,9:00,60,48
957,공학전공,IT대학,FASH0202-001,목 1A1B목 2A2B목 3A3B,목,목,10:00,9:00,40,24
958,공학전공,IT대학,FASH0205-001,월 1A1B월 2A2B월 3A3B월 4A4B,월,월,10:00,9:00,22,22
959,공학전공,IT대학,FASH0217-001,화 1A1B화 2A2B화 3A3B,화,화,10:00,9:00,40,22
960,공학전공,IT대학,FASH0225-001,목 1A1B목 2A2B목 3A3B목 4A4B,목,목,10:00,9:00,18,20
961,공학전공,IT대학,FASH0240-002,목 1A1B목 2A2B목 3A3B목 4A4B,목,목,10:00,9:00,15,17
962,공학전공,IT대학,FASH0251-001,화 1A1B화 2A2B화 3A3B화 4A4B,화,화,10:00,9:00,15,14
963,공학전공,IT대학,FASH0256-001,수 1A1B수 2A2B수 3A3B,수,수,10:00,9:00,45,36
964,공학전공,IT대학,FASH0259-001,수 1A1B수 2A2B수 3A3B수 4A4B,수,수,10:00,9:00,18,15
965,공학전공,IT대학,FASH0260-001,월 1A1B월 2A2B월 3A3B월 4A4B,월,월,10:00,9:00,15,19
966,공학전공,IT대학,FASH0260-002,목 1A1B목 2A2B목 3A3B목 4A4B,목,목,10:00,9:00,15,14
967,공학전공,IT대학,CLTR0003-008,수 1A1B2A금 2B3A3B,수,금,10:30,9:00,60,51
968,전공기반,IT대학,CLTR0213-039,월 2B3A3B금 1A1B2A,월,금,9:00,10:30,60,50
969,전공기반,IT대학,CLTR0223-039,화 1A1B화 2A2B,화,화,10:00,9:00,20,16
970,공학전공,IT대학,AERO0218-001,화 1A1B2A목 1A1B2A,화,목,9:00,9:00,70,27
971,교직,IT대학,AERO0225-001,월 1A1B2A수 2B3A3B,월,수,10:30,9:00,70,21
972,교양,IT대학,AERO0225-002,화 2B3A3B목 1A1B2A,화,목,9:00,10:30,70,9
973,교양,IT대학,AERO0227-001,화 1A1B2A목 2B3A3B,화,목,10:30,9:00,40,9
974,전공,IT대학,AERO0230-001,월 1A1B월 2A2B월 3A3B월 4A4B,월,월,10:00,9:00,40,16
975,전공,IT대학,AERO0248-001,수 1A1B수 2A2B수 3A3B수 4A4B,수,수,10:00,9:00,50,19
976,전공,IT대학,AERO0251-001,월 1A1B월 2A2B월 3A3B월 4A4B,월,월,10:00,9:00,50,9
977,전공,IT대학,CLTR0185-005,월 2B3A3B금 1A1B2A,월,금,9:00,10:30,60,53
978,전공필수,IT대학,PLEN0226-001,수 1A1B수 2A2B수 3A3B수 4A4B,수,수,10:00,9:00,50,14
979,전공필수,IT대학,PLEN0238-001,월 1A1B월 2A2B월 3A3B월 4A4B,월,월,10:00,9:00,50,9
980,전공필수,IT대학,PLEN0247-001,화 1A1B화 2A2B화 3A3B화 4A4B,화,화,10:00,9:00,50,12
981,전공,IT대학,PLEN0251-001,수 1A1B수 2A2B수 3A3B수 4A4B,수,수,10:00,9:00,35,20
982,전공,IT대학,PLEN0263-001,월 1A1B월 2A2B월 3A3B월 4A4B,월,월,10:00,9:00,35,21
983,전공,IT대학,CLTR0134-003,수 1A1B2A금 2B3A3B,수,금,10:30,9:00,60,57
984,공학전공,IT대학,DEHY0272-001,화 1A1B화 2A2B화 3A3B,화,화,10:00,9:00,30,19
985,공학전공,IT대학,DEHY0279-001,목 1A1B목 2A2B목 3A3B목 4A4B,목,목,10:00,9:00,30,19
986,기본소양,IT대학,DEHY0285-001,금 1A1B금 2A2B,금,금,10:00,9:00,30,20
987,기본소양,IT대학,DEHY0326-001,월 1A1B월 2A2B금 1A1B금 2A2B,월,월,10:00,9:00,30,15
988,전공기반,IT대학,DEHY0336-001,수 1A1B수 2A2B수 3A3B,수,수,10:00,9:00,30,19
989,전공기반,IT대학,MEDI0220-002,월 1A1B월 2A2B,월,월,10:00,9:00,30,29
990,전공기반,IT대학,CLTR0003-009,월 1A1B2A수 2B3A3B,월,수,10:30,9:00,60,15
991,전공기반,IT대학,CLTR0211-045,화 1A1B2A목 2B3A3B,화,목,10:30,9:00,60,44
992,전공기반,IT대학,CLTR0373-009,목 1A1B목 2A2B목 3A3B목 4A4B,목,목,10:00,9:00,40,42
993,공학전공,IT대학,SOFT0301-001,월 7A7B8A수 1A1B2A,월,수,9:00,15:00,30,34
994,공학전공,IT대학,SOFT0321-001,화 2B3A3B목 1A1B2A,화,목,9:00,10:30,30,38
995,공학전공,IT대학,SOFT0323-001,화 1A1B2A목 2B3A3B,화,목,10:30,9:00,30,19
996,공학전공,IT대학,SOFT0355-001,월 2B3A3B수 1A1B2A,월,수,9:00,10:30,30,20
997,공학전공,IT대학,SOFT0363-001,월 2B3A3B수 1A1B2A,월,수,9:00,10:30,30,27
998,공학전공,IT대학,SOFT0412-001,월 7A7B8A화 1A1B2A,월,화,9:00,15:00,30,26
999,전공기반,IT대학,SOFT0472-001,화 1A1B화 2A2B화 3A3B화 4A4B,화,화,10:00,9:00,30,35
1000,전공,약학대학,KORL0716-001,목 1A1B2A목 2B3A3B,목,목,10:30,9:00,30,10
1001,전공,약학대학,KORL0751-001,금 1A1B2A금 2B3A3B,금,금,10:30,9:00,30,1
1002,,,KORL0905-001,수 1A1B2A수 2B3A3B,수,수,10:30,9:00,30,2
1003,전공,약학대학,KORL0941-001,목 1A1B2A목 2B3A3B,목,목,10:30,9:00,30,1
1004,전공,약학대학,ENGL0000-012,월 1A1B2A월 2B3A3B,월,월,10:30,9:00,15,1
1005,전공,약학대학,ENGL0736-001,화 1A1B2A화 2B3A3B,화,화,10:30,9:00,40,21
1006,전공,약학대학,ENGL0768-001,화 1A1B2A화 2B3A3B,화,화,10:30,9:00,40,7
1007,전공필수,약학대학,ENGL0787-001,화 1A1B2A화 2B3A3B,화,화,10:30,9:00,40,4
1008,,,ENGL0793-001,목 1A1B2A목 2B3A3B,목,목,10:30,9:00,40,19
1009,전공,약학대학,ENGL0911-001,수 1A1B2A수 2B3A3B,수,수,10:30,9:00,20,4
1010,전공,약학대학,ENGL0946-001,금 1A1B2A금 2B3A3B,금,금,10:30,9:00,20,14
1011,전공,약학대학,ENGL0959-001,수 1A1B2A수 2B3A3B,수,수,10:30,9:00,20,6
1012,전공,약학대학,ENGL0969-001,금 1A1B2A금 2B3A3B,금,금,10:30,9:00,20,6
1013,교양,약학대학,ENGL0981-001,목 1A1B2A목 2B3A3B,목,목,10:30,9:00,20,6
1014,교양,약학대학,JPNL0701-001,수 1A1B2A수 2B3A3B,수,수,10:30,9:00,10,3
1015,교양,행정학부,RUSS0939-001,수 1A1B수 2A2B수 3A3B,수,수,10:00,9:00,5,2
1016,교양,행정학부,HIST0707-001,목 1A1B2A목 2B3A3B,목,목,10:30,9:00,10,6
1017,교양,행정학부,HIST0850-001,금 1A1B2A금 2B3A3B,금,금,10:30,9:00,10,4
1018,,,HIST0901-001,월 1A1B2A월 2B3A3B,월,월,10:30,9:00,10,2
1019,교양,행정학부,HIST0905-001,수 1A1B2A수 2B3A3B,수,수,10:30,9:00,10,10
1020,,,ARAN0771-001,수 1A1B2A수 2B3A3B,수,수,10:30,9:00,10,8
1021,전공필수,행정학부,POLI0000-003,목 1A1B2A목 2B3A3B,목,목,10:30,9:00,30,8
1022,전공필수,행정학부,POLI0000-006,목 1A1B2A목 2B3A3B,목,목,10:30,9:00,30,1
1023,전공필수,행정학부,POLI0724-001,수 1A1B2A수 2B3A3B,수,수,10:30,9:00,30,15
1024,전공,행정학부,POLI0856-001,화 1A1B2A화 2B3A3B,화,화,10:30,9:00,30,3
1025,전공,행정학부,ARSC0753-001,토 1A1B토 2A2B토 3A3B토 4A4B,토,토,10:00,9:00,30,18
1026,전공,행정학부,PHYS0000-001,수 1A1B2A수 2B3A3B,수,수,10:30,9:00,5,1
1027,전공,행정학부,PHYS0000-003,월 1A1B2A월 2B3A3B,월,월,10:30,9:00,5,1
1028,전공,융합학부,PHYS0000-005,월 1A1B2A월 2B3A3B,월,월,10:30,9:00,5,1
1029,전공,융합학부,PHYS0000-006,월 1A1B2A월 2B3A3B,월,월,10:30,9:00,5,1
1030,전공,융합학부,PHYS0000-007,월 1A1B2A월 2B3A3B,월,월,10:30,9:00,5,1
1031,전공,융합학부,PHYS0000-009,월 1A1B2A월 2B3A3B,월,월,10:30,9:00,5,2
1032,전공,융합학부,PHYS0000-010,월 1A1B2A월 2B3A3B,월,월,10:30,9:00,5,1
1033,전공,융합학부,PHYS0000-011,월 1A1B2A월 2B3A3B,월,월,10:30,9:00,5,1
1034,전공,융합학부,PHYS0788-001,수 1A1B2A수 2B3A3B,수,수,10:30,9:00,10,14
1035,전공,융합학부,PHYS0823-001,목 1A1B2A목 2B3A3B,목,목,10:30,9:00,10,8
1036,전공필수,융합학부,PHYS0828-001,화 1A1B2A화 2B3A3B,화,화,10:30,9:00,10,4
1037,전공필수,융합학부,PHYS0845-001,금 1A1B2A금 2B3A3B,금,금,10:30,9:00,10,6
1038,전공,융합학부,CHEM0000-001,월 1A1B월 2A2B월 3A3B,월,월,10:00,9:00,10,1
1039,전공,융합학부,CHEM0000-003,월 1A1B월 2A2B월 3A3B,월,월,10:00,9:00,10,3
1040,전공,융합학부,CHEM0000-005,월 1A1B월 2A2B월 3A3B,월,월,10:00,9:00,10,1
1041,전공필수,융합학부,CHEM0000-007,월 1A1B월 2A2B월 3A3B,월,월,10:00,9:00,10,2
1042,교양,과학기술대학,CHEM0000-009,월 1A1B월 2A2B월 3A3B,월,월,10:00,9:00,10,8
1043,,,CHEM0000-010,월 1A1B월 2A2B월 3A3B,월,월,10:00,9:00,10,1
1044,교양,과학기술대학,CHEM0709-001,목 1A1B목 2A2B목 3A3B,목,목,10:00,9:00,15,21
1045,,,CHEM0833-001,금 1A1B금 2A2B금 3A3B,금,금,10:00,9:00,15,6
1046,교양,과학기술대학,CHEM0857-001,수 1A1B수 2A2B수 3A3B,수,수,10:00,9:00,15,6
1047,,,GEOL0000-002,목 1A1B2A목 2B3A3B,목,목,10:30,9:00,10,1
1048,교양,과학기술대학,GEOL0000-003,월 1A1B2A월 2B3A3B,월,월,10:30,9:00,10,1
1049,교양,과학기술대학,GEOL0000-004,목 1A1B2A목 2B3A3B,목,목,10:30,9:00,10,4
1050,교양,과학기술대학,GEOL0795-001,금 1A1B2A금 2B3A3B,금,금,10:30,9:00,20,2
1051,,,GEOL0796-001,월 1A1B월 2A2B월 3A3B월 4A4B,월,월,10:00,9:00,20,8
1052,교양,과학기술대학,GEOL0843-001,화 1A1B화 2A2B화 3A3B화 4A4B,화,화,10:00,9:00,20,5
1053,,,GEOL0849-001,수 1A1B2A수 2B3A3B,수,수,10:30,9:00,20,6
1054,전공필수,과학기술대학,STAT0000-004,목 1A1B목 2A2B목 3A3B,목,목,10:00,9:00,10,2
1055,전공,과학기술대학,STAT0731-001,화 1A1B화 2A2B화 3A3B,화,화,10:00,9:00,20,5
1056,전공,과학기술대학,STAT0941-001,수 1A1B수 2A2B수 3A3B,수,수,10:00,9:00,20,12
1057,전공,과학기술대학,CHED0735-001,월 1A1B월 2A2B월 3A3B,월,월,10:00,9:00,20,5
1058,,,ECON0000-001,금 1A1B2A금 2B3A3B,금,금,10:30,9:00,10,1
1059,전공필수,과학기술대학,ECON0000-002,금 1A1B2A금 2B3A3B,금,금,10:30,9:00,10,1
1060,전공필수,과학기술대학,ECON0000-003,금 1A1B2A금 2B3A3B,금,금,10:30,9:00,10,1
1061,전공필수,과학기술대학,ECON0000-004,금 1A1B2A금 2B3A3B,금,금,10:30,9:00,10,1
1062,,,ECON0000-006,금 1A1B2A금 2B3A3B,금,금,10:30,9:00,10,1
1063,전공,과학기술대학,ECON0000-007,토 1A1B2A토 2B3A3B,토,토,10:30,9:00,10,1
1064,전공필수,과학기술대학,ECON0779-001,화 1A1B2A화 2B3A3B,화,화,10:30,9:00,30,8
1065,,,TRAD0000-003,금 1A1B2A금 2B3A3B,금,금,10:30,9:00,10,1
1066,전공,과학기술대학,TRAD0000-005,금 1A1B2A금 2B3A3B,금,금,10:30,9:00,10,3
1067,전공필수,과학기술대학,TRAD0922-001,수 1A1B2A수 2B3A3B,수,수,10:30,9:00,30,11
1068,전공,과학기술대학,JURA0000-006,화 1A1B2A화 2B3A3B,화,화,10:30,9:00,5,1
1069,전공,과학기술대학,APCE0731-001,수 1A1B수 2A2B수 3A3B,수,수,10:00,9:00,20,11
1070,전공필수,과학기술대학,POLY0000-001,금 00A0B금 1A1B2A,금,금,9:00,7:30,5,1
1071,전공필수,과학기술대학,POLY0000-002,금 00A0B금 1A1B2A,금,금,9:00,7:30,5,1
1072,,,POLY0000-003,금 00A0B금 1A1B2A,금,금,9:00,7:30,5,2
1073,교양,과학기술대학,POLY0000-004,금 00A0B금 1A1B2A,금,금,9:00,7:30,5,1
1074,전공,과학기술대학,POLY0000-006,금 00A0B금 1A1B2A,금,금,9:00,7:30,5,3
1075,,,DYFI0000-003,목 1A1B2A목 2B3A3B,목,목,10:30,9:00,5,2
1076,전공,과학기술대학,HORT0000-007,월 1A1B월 2A2B월 3A3B,월,월,10:00,9:00,5,2
1077,,,HORT0822-001,수 1A1B수 2A2B수 3A3B,수,수,10:00,9:00,10,7
1078,전공필수,과학기술대학,GINF0705-001,수 1A1B수 2A2B수 3A3B,수,수,10:00,9:00,20,11
1079,,,LARC0000-001,금 1A1B금 2A2B금 3A3B,금,금,10:00,9:00,10,2
1080,전공,과학기술대학,LARC0000-002,금 1A1B금 2A2B금 3A3B,금,금,10:00,9:00,10,6
1081,전공필수,과학기술대학,LARC0000-003,월 1A1B월 2A2B월 3A3B,월,월,10:00,9:00,10,3
1082,전공,과학기술대학,LARC0000-004,금 1A1B금 2A2B금 3A3B,금,금,10:00,9:00,10,1
1083,교양,과학기술대학,LARC0931-001,목 1A1B목 2A2B목 3A3B,목,목,10:00,9:00,20,15
1084,,,AGEC0718-001,화 1A1B2A화 2B3A3B,화,화,10:30,9:00,20,10
1085,,,FPST0000-001,화 1A1B2A화 2B3A3B,화,화,10:30,9:00,5,3
1086,교양,과학기술대학,FPST0758-001,수 1A1B2A수 2B3A3B,수,수,10:30,9:00,5,3
1087,교양,과학기술대학,MBIO0784-001,수 1A1B2A수 2B3A3B,수,수,10:30,9:00,5,4
1088,전공,과학기술대학,MUSI0701-002,화 1A1B화 2A2B,화,화,10:00,9:00,1,1
1089,전공,과학기술대학,MUSI0701-007,금 1A1B금 2A2B,금,금,10:00,9:00,1,1
1090,,,MUSI0701-012,목 1A1B목 2A2B,목,목,10:00,9:00,1,1
1091,전공,과학기술대학,MUSI0701-013,금 1A1B금 2A2B,금,금,10:00,9:00,1,1
1092,,,MUSI0701-014,금 1A1B금 2A2B,금,금,10:00,9:00,1,1
1093,전공,과학기술대학,MUSI0703-004,금 1A1B금 2A2B,금,금,10:00,9:00,1,1
1094,전공,과학기술대학,MUSI0704-002,금 1A1B금 2A2B,금,금,10:00,9:00,1,1
1095,,,MUSI0801-002,금 1A1B금 2A2B금 3A3B,금,금,10:00,9:00,1,1
1096,전공,과학기술대학,ARTS0000-001,월 1A1B2A월 2B3A3B,월,월,10:30,9:00,5,1
1097,전공,과학기술대학,ARTS0000-003,화 1A1B2A화 2B3A3B,화,화,10:30,9:00,5,2
1098,전공,과학기술대학,ARTS0000-004,화 1A1B2A화 2B3A3B,화,화,10:30,9:00,5,1
1099,전공,과학기술대학,ARTS0000-005,화 1A1B2A화 2B3A3B,화,화,10:30,9:00,5,1
1100,,,ARTS0000-006,화 1A1B2A화 2B3A3B,화,화,10:30,9:00,5,4
1101,교양,과학기술대학,ARTS0779-001,화 1A1B2A화 2B3A3B,화,화,10:30,9:00,5,1
1102,,,ARTS0785-001,목 1A1B2A목 2B3A3B,목,목,10:30,9:00,10,3
1103,교양,과학기술대학,ARTS0843-001,수 1A1B2A수 2B3A3B,수,수,10:30,9:00,10,3
1104,전공,과학기술대학,KMUS0000-001,금 1A1B금 2A2B금 3A3B,금,금,10:00,9:00,5,2
1105,전공,과학기술대학,KMUS0000-002,금 1A1B금 2A2B금 3A3B,금,금,10:00,9:00,5,1
1106,,,KMUS0000-003,금 1A1B금 2A2B금 3A3B,금,금,10:00,9:00,5,1
1107,전공,과학기술대학,KMUS0000-004,금 1A1B금 2A2B금 3A3B,금,금,10:00,9:00,5,2
1108,전공,과학기술대학,KMUS0701-002,월 1A1B월 2A2B,월,월,10:00,9:00,1,1
1109,전공,과학기술대학,KMUS0701-003,월 1A1B월 2A2B,월,월,10:00,9:00,1,1
1110,,,KMUS0701-004,금 1A1B금 2A2B,금,금,10:00,9:00,1,1
1111,전공,과학기술대학,KMUS0701-005,금 1A1B금 2A2B,금,금,10:00,9:00,1,1
1112,교양,과학기술대학,KMUS0702-001,화 1A1B화 2A2B,화,화,10:00,9:00,1,1
1113,,,KMUS0702-004,월 1A1B월 2A2B,월,월,10:00,9:00,1,1
1114,전공,과학기술대학,KMUS0703-001,화 1A1B화 2A2B,화,화,10:00,9:00,1,1
1115,전공,과학기술대학,KMUS0703-003,수 1A1B수 2A2B,수,수,10:00,9:00,1,1
1116,,,KMUS0705-001,수 1A1B수 2A2B수 3A3B,수,수,10:00,9:00,1,1
1117,전공,과학기술대학,KMUS0707-001,목 1A1B목 2A2B목 3A3B,목,목,10:00,9:00,1,1
1118,,,DENB0896-001,토 0A0B토 1A1B토 2A2B,토,토,9:00,8:00,50,5
1119,전공,과학기술대학,DENT0000-019,토 0A0B토 1A1B토 2A2B,토,토,9:00,8:00,30,1
1120,전공,과학기술대학,CHFA0000-003,목 1A1B2A목 2B3A3B,목,목,10:30,9:00,15,1
1121,전공,과학기술대학,CHFA0764-001,목 1A1B2A목 2B3A3B,목,목,10:30,9:00,10,5
1122,전공,과학기술대학,CHFA0809-001,수 1A1B2A수 2B3A3B,수,수,10:30,9:00,15,1
1123,전공,과학기술대학,CLTX0000-002,화 1A1B화 2A2B화 3A3B,화,화,10:00,9:00,5,1
1124,전공,과학기술대학,CLTX0711-001,금 1A1B금 2A2B금 3A3B,금,금,10:00,9:00,10,6
1125,,,CLTX0785-001,목 1A1B목 2A2B목 3A3B,목,목,10:00,9:00,10,4
1126,교양,과학기술대학,FSNU0736-001,수 1A1B수 2A2B수 3A3B,수,수,10:00,9:00,15,2
1127,,,MATH0000-005,목 1A1B2A목 2B3A3B,목,목,10:30,9:00,10,1
1128,교양,과학기술대학,MATH0731-001,화 1A1B2A목 2B3A3B,화,목,10:30,9:00,30,7
1129,,,MATH0788-001,월 2B3A3B수 1A1B2A,월,수,9:00,10:30,30,32
1130,전공,과학기술대학,MATH0792-001,월 2B3A3B수 1A1B2A,월,수,9:00,10:30,30,5
1131,전공,과학기술대학,GENE0943-001,수 1A1B수 2A2B수 3A3B,수,수,10:00,9:00,20,2
1132,,,LIFE0000-002,금 1A1B금 2A2B금 3A3B,금,금,10:00,9:00,10,1
1133,전공필수,과학기술대학,LIFE0000-003,수 1A1B수 2A2B수 3A3B,수,수,10:00,9:00,10,2
1134,전공,과학기술대학,LIFE0000-004,목 1A1B목 2A2B목 3A3B,목,목,10:00,9:00,10,4
1135,교양,과학기술대학,LIFE0000-006,금 1A1B금 2A2B금 3A3B,금,금,10:00,9:00,10,1
1136,,,LIFE0000-007,월 1A1B월 2A2B월 3A3B,월,월,10:00,9:00,10,5
1137,교양,과학기술대학,LIFE0000-008,월 1A1B월 2A2B월 3A3B,월,월,10:00,9:00,10,3
1138,,,LIFE0000-010,월 1A1B월 2A2B월 3A3B,월,월,10:00,9:00,10,2
1139,교양,과학기술대학,LIFE0000-012,금 1A1B금 2A2B금 3A3B,금,금,10:00,9:00,10,4
1140,,,LIFE0000-013,월 1A1B월 2A2B월 3A3B,월,월,10:00,9:00,10,2
1141,교양,과학기술대학,LIFE0000-016,금 1A1B금 2A2B금 3A3B,금,금,10:00,9:00,10,2
1142,,,LIFE0000-017,금 1A1B금 2A2B금 3A3B,금,금,10:00,9:00,10,1
1143,교양,과학기술대학,LIFE0000-018,월 1A1B월 2A2B월 3A3B,월,월,10:00,9:00,10,2
1144,,,LIFE0702-001,목 1A1B목 2A2B목 3A3B,목,목,10:00,9:00,20,6
1145,전공,과학기술대학,LIFE0706-001,화 1A1B화 2A2B화 3A3B,화,화,10:00,9:00,10,3
1146,전공,과학기술대학,LIFE0708-001,화 1A1B화 2A2B화 3A3B,화,화,10:00,9:00,20,21
1147,전공,과학기술대학,LIFE0713-001,월 1A1B월 2A2B월 3A3B,월,월,10:00,9:00,10,6
1148,전공필수,과학기술대학,LIFE0873-001,수 1A1B수 2A2B수 3A3B,수,수,10:00,9:00,20,8
1149,전공,과학기술대학,MGMT0000-004,목 1A1B목 2A2B목 3A3B,목,목,10:00,9:00,10,1
1150,전공,과학기술대학,MGMT0000-010,월 1A1B월 2A2B월 3A3B,월,월,10:00,9:00,10,1
1151,전공,과학기술대학,MGMT0000-011,목 1A1B목 2A2B목 3A3B,목,목,10:00,9:00,10,1
1152,전공필수,과학기술대학,MGMT0000-012,목 1A1B목 2A2B목 3A3B,목,목,10:00,9:00,10,2
1153,전공,과학기술대학,MGMT0000-013,화 1A1B화 2A2B화 3A3B,화,화,10:00,9:00,10,1
1154,전공,과학기술대학,MGMT0842-001,화 1A1B화 2A2B화 3A3B,화,화,10:00,9:00,40,20
1155,교양,과학기술대학,MGMT0909-001,토 1A1B토 2A2B토 3A3B,토,토,10:00,9:00,40,26
1156,,,MGMT0914-001,토 1A1B토 2A2B토 3A3B,토,토,10:00,9:00,40,16
1157,교양,과학기술대학,MAME0000-001,월 1A1B월 2A2B월 3A3B,월,월,10:00,9:00,10,3
1158,교양,과학기술대학,CIME0000-002,목 1A1B목 2A2B목 3A3B,목,목,10:00,9:00,3,1
1159,전공,과학기술대학,CIME0000-003,월 1A1B월 2A2B월 3A3B,월,월,10:00,9:00,3,5
1160,전공,과학기술대학,CIME0000-004,목 1A1B목 2A2B목 3A3B,목,목,10:00,9:00,3,1
1161,,,CIME0760-001,화 1A1B화 2A2B화 3A3B,화,화,10:00,9:00,20,18
1162,전공,과학기술대학,NANO0000-001,화 1A1B목 3A3B목 4A4B,화,목,11:00,9:00,5,1
1163,,,DESC0000-003,토 1A1B토 2A2B토 3A3B,토,토,10:00,9:00,10,2
1164,전공,과학기술대학,PHAR0000-006,월 1A1B월 2A2B월 3A3B,월,월,10:00,9:00,10,1
1165,전공,과학기술대학,PHAR0000-008,화 1A1B화 2A2B화 3A3B,화,화,10:00,9:00,10,1
1166,전공필수,과학기술대학,PHAR0000-010,수 1A1B수 2A2B수 3A3B,수,수,10:00,9:00,10,2
1167,전공,과학기술대학,PHAR0000-011,수 1A1B수 2A2B수 3A3B,수,수,10:00,9:00,10,1
1168,교양,과학기술대학,PHAR0000-014,목 1A1B목 2A2B목 3A3B,목,목,10:00,9:00,10,1
1169,,,PHAR0795-001,목 1A1B목 2A2B목 3A3B,목,목,10:00,9:00,25,23
1170,전공,과학기술대학,PHAR0849-001,월 1A1B월 2A2B월 3A3B,월,월,10:00,9:00,25,27
1171,전공,과학기술대학,ECSS0000-001,월 1A1B월 2A2B월 3A3B,월,월,10:00,9:00,5,3
1172,전공,과학기술대학,ECSS0740-001,수 1A1B수 2A2B수 3A3B,수,수,10:00,9:00,10,10
1173,,,ANBT0000-001,수 1A1B수 2A2B수 3A3B,수,수,10:00,9:00,10,1
1174,전공필수,과학기술대학,ANBT0000-005,월 1A1B월 2A2B월 3A3B,월,월,10:00,9:00,10,3
1175,전공,과학기술대학,ANBT0766-001,화 1A1B화 2A2B화 3A3B,화,화,10:00,9:00,30,11
1176,교양,과학기술대학,BIFI0000-001,화 1A1B2A화 2B3A3B,화,화,10:30,9:00,5,3
1177,,,BIFI0000-002,월 1A1B2A월 2B3A3B,월,월,10:30,9:00,5,3
1178,전공,과학기술대학,FREN0776-001,수 1A1B2A수 2B3A3B,수,수,10:30,9:00,10,5
1179,전공,과학기술대학,FREN0797-001,화 1A1B2A수 2B3A3B,화,수,10:30,9:00,10,5
1180,전공필수,과학기술대학,ABIO0717-001,수 1A1B2A수 2B3A3B,수,수,10:30,9:00,10,4
1181,전공필수,과학기술대학,FOSE0737-001,화 1A1B2A화 2B3A3B,화,화,10:30,9:00,10,4
1182,전공,과학기술대학,COPE0000-001,화 1A1B2A화 2B3A3B,화,화,10:30,9:00,5,1
1183,전공,과학기술대학,PMEN0000-001,화 1A1B2A화 2B3A3B,화,화,10:30,9:00,2,2
1184,교양,과학기술대학,PMEN0717-001,목 1A1B2A목 2B3A3B,목,목,10:30,9:00,10,8
1185,,,COME0832-001,월 1A1B2A월 2B3A3B,월,월,10:30,9:00,30,20
1186,교양,과학기술대학,COMP0795-001,수 1A1B2A수 2B3A3B,수,수,10:30,9:00,30,47
1187,교양,과학기술대학,COMP0811-001,금 1A1B2A금 2B3A3B,금,금,10:30,9:00,30,25
1188,,,COSE0000-008,토 1A1B2A토 2B3A3B,토,토,10:30,9:00,15,1
1189,전공,과학기술대학,CICT0701-001,토 1A1B토 2A2B토 3A3B토 4A4B,토,토,10:00,9:00,30,18
1190,전공,과학기술대학,FOOD0808-001,금 0A0B금 1A1B금 2A2B,금,금,9:00,8:00,45,29
1191,전공,과학기술대학,FOOD0977-001,금 0A0B금 1A1B금 2A2B,금,금,9:00,8:00,20,8
1192,전공,과학기술대학,FOOD0729-001,목 1A1B목 2A2B목 3A3B,목,목,10:00,9:00,30,7
1193,전공필수,과학기술대학,FOAT0000-004,금 1A1B금 2A2B금 3A3B,금,금,10:00,9:00,10,5
1194,전공,과학기술대학,FOAT0000-005,목 1A1B목 2A2B목 3A3B,목,목,10:00,9:00,10,4
1195,전공필수,과학기술대학,FOAT0726-001,화 1A1B화 2A2B화 3A3B,화,화,10:00,9:00,15,20
1196,전공,대학원,ARCH0000-001,월 1A1B2A월 2B3A3B,월,월,10:30,9:00,10,3
1197,전공,대학원,ARCH0000-006,월 1A1B2A월 2B3A3B,월,월,10:30,9:00,10,2
1198,전공,대학원,ARCH0000-007,월 1A1B2A월 2B3A3B,월,월,10:30,9:00,10,1
1199,전공,대학원,ARCH0000-008,월 1A1B2A월 2B3A3B,월,월,10:30,9:00,10,2
1200,전공,대학원,ARCH0000-010,목 1A1B2A목 2B3A3B,목,목,10:30,9:00,10,1
1201,전공,대학원,ARCH0000-011,목 1A1B2A목 2B3A3B,목,목,10:30,9:00,10,3
1202,전공,대학원,ARCH0000-012,화 1A1B2A화 2B3A3B,화,화,10:30,9:00,10,3
1203,전공,대학원,ARCH0000-013,목 1A1B2A목 2B3A3B,목,목,10:30,9:00,10,2
1204,전공,대학원,ARCH0000-014,월 1A1B2A월 2B3A3B,월,월,10:30,9:00,10,2
1205,전공,대학원,ARCH0000-015,목 1A1B2A목 2B3A3B,목,목,10:30,9:00,10,2
1206,전공,대학원,ARCH0000-016,월 1A1B2A월 2B3A3B,월,월,10:30,9:00,10,1
1207,전공,대학원,COME0813-001,수 1A1B2A수 2B3A3B,수,수,10:30,9:00,35,14
1208,전공,대학원,CVLE0767-001,토 1A1B토 2A2B토 3A3B,토,토,10:00,9:00,20,16
1209,전공,대학원,EESO0000-002,월 1A1B2A월 2B3A3B,월,월,10:30,9:00,10,2
1210,전공,대학원,FOOD0733-001,금 1A1B2A금 2B3A3B,금,금,10:30,9:00,30,16
1211,전공,대학원,FSAD0724-001,목 1A1B2A목 2B3A3B,목,목,10:30,9:00,30,27
1212,전공,대학원,OECA0000-001,금 1A1B2A금 2B3A3B,금,금,10:30,9:00,20,1
1213,전공,대학원,OECA0703-001,수 1A1B2A수 2B3A3B,수,수,10:30,9:00,20,2
1214,전공,대학원,OECA0707-001,화 1A1B2A화 2B3A3B,화,화,10:30,9:00,20,3
1215,전공,대학원,OECA0713-001,목 1A1B2A목 2B3A3B,목,목,10:30,9:00,20,6
1216,전공,대학원,OECA0733-001,월 1A1B2A월 2B3A3B,월,월,10:30,9:00,20,4
1217,전공,대학원,COMI0701-001,금 1A1B금 2A2B금 3A3B,금,금,10:00,9:00,3,2
1218,전공,대학원,CTRA0714-001,월 1A1B2A월 2B3A3B,월,월,10:30,9:00,20,3
1219,전공,대학원,FVIT0702-001,금 1A1B2A금 2B3A3B,금,금,10:30,9:00,30,16
1220,전공,대학원,ARIN0000-003,화 00A0B화 1A1B2A,화,화,9:00,7:30,20,16
1221,전공,대학원,ARIN0702-001,금 1A1B2A금 2B3A3B,금,금,10:30,9:00,30,41
1222,전공,대학원,ARIN0705-001,월 1A1B2A월 2B3A3B,월,월,10:30,9:00,30,19
1223,전공,대학원,ARIN0710-001,수 1A1B2A수 2B3A3B,수,수,10:30,9:00,20,33
1224,전공,대학원,BICO0000-001,월 1A1B2A월 2B3A3B,월,월,10:30,9:00,20,1
1225,전공,대학원,BICO0000-002,화 1A1B2A화 2B3A3B,화,화,10:30,9:00,20,1
1226,전공,대학원,BICO0000-003,목 1A1B2A목 2B3A3B,목,목,10:30,9:00,20,2
1227,전공,대학원,MECH0918-001,목 1A1B2A목 2B3A3B,목,목,10:30,9:00,20,16
1228,전공,대학원,ROSS0000-002,수 1A1B2A수 2B3A3B,수,수,10:30,9:00,20,2
1229,전공,대학원,HYRE0000-001,화 1A1B2A화 2B3A3B,화,화,10:30,9:00,20,2
1230,전공,대학원,HYRE0000-002,월 1A1B2A월 2B3A3B,월,월,10:30,9:00,20,1
1231,전공,대학원,HYRE0704-001,토 1A1B2A토 2B3A3B,토,토,10:30,9:00,20,3
1232,전공,대학원,HYRE0711-001,수 1A1B2A수 2B3A3B,수,수,10:30,9:00,20,8
1233,전공,대학원,HUCO0726-001,화 1A1B2A화 2B3A3B,화,화,10:30,9:00,15,10
1235,전공,대학원,INBI0701-001,화 1A1B2A화 2B3A3B,화,화,10:30,9:00,50,25
1236,전공,대학원,COME0701-002,화 1A1B2A화 2B3A3B,화,화,10:30,9:00,60,59
1237,전공,대학원,COME0731-001,목 1A1B2A목 2B3A3B,목,목,10:30,9:00,20,19
1238,전공,대학원,EECS0715-001,토 1A1B2A토 2B3A3B,토,토,10:30,9:00,40,22
1239,전공,대학원,ELEC0761-001,수 1A1B수 2A2B수 3A3B,수,수,10:00,9:00,40,18
1240,전공,대학원,ELEC0774-001,목 1A1B2A목 2B3A3B,목,목,10:30,9:00,40,15
1241,전공,대학원,ELEC0780-001,목 1A1B2A목 2B3A3B,목,목,10:30,9:00,40,27
1242,전공,대학원,ELEC0788-001,수 1A1B2A수 2B3A3B,수,수,10:30,9:00,30,22
1243,전공,대학원,ELEC0880-001,금 1A1B2A금 2B3A3B,금,금,10:30,9:00,20,36
1244,전공,대학원,ELEC0949-001,수 1A1B2A수 2B3A3B,수,수,10:30,9:00,40,22
1245,전공,대학원,ELEC0982-001,목 1A1B2A목 2B3A3B,목,목,10:30,9:00,30,24
1246,전공,대학원,ELRI0744-001,화 1A1B2A화 2B3A3B,화,화,10:30,9:00,40,21
1247,전공,대학원,ELCS0702-001,토 1A1B2A토 2B3A3B,토,토,10:30,9:00,30,14
1248,전공,대학원,AGRO0830-001,화 1A1B2A화 2B3A3B,화,화,10:30,9:00,20,4
1249,전공,대학원,ASCO0000-001,화 1A1B2A화 2B3A3B,화,화,10:30,9:00,10,4
1250,전공,대학원,ASCO0000-002,월 1A1B2A월 2B3A3B,월,월,10:30,9:00,10,3
1251,전공,대학원,ASCO0000-003,월 1A1B2A수 1A1B2A,월,수,9:00,9:00,10,2
1252,전공,대학원,ECSS0731-001,월 1A1B월 2A2B월 3A3B,월,월,10:00,9:00,10,5
1253,전공,대학원,VEEN0000-002,수 1A1B수 2A2B수 3A3B,수,수,10:00,9:00,5,1
1254,전공,대학원,VEEN0716-001,화 1A1B화 2A2B화 3A3B,화,화,10:00,9:00,10,9
1255,전공,대학원,KESR0000-001,금 1A1B2A금 2B3A3B,금,금,10:30,9:00,5,2
1256,전공,대학원,CTMT0707-001,토 1A1B2A토 2B3A3B,토,토,10:30,9:00,40,9
1257,전공,대학원,CTMT0712-001,토 1A1B2A토 2B3A3B,토,토,10:30,9:00,60,34
1258,전공,대학원,AGBL0946-001,월 1A1B2A월 2B3A3B,월,월,10:30,9:00,30,10
1259,전공,대학원,ASAT0824-001,금 1A1B금 2A2B금 3A3B금 4A4B,금,금,10:00,9:00,10,4
1260,전공,대학원,TCHR0490-001,토 1A1B토 2A2B토 3A3B,토,토,10:00,9:00,10,3
1261,전공,대학원,PUAD0814-001,토 1A1B토 2A2B토 3A3B,토,토,10:00,9:00,30,32
1262,전공,대학원,PUAD0843-001,토 1A1B토 2A2B토 3A3B,토,토,10:00,9:00,30,25
1263,전공,대학원,LAWS0712-001,목 1A1B2A목 2B3A3B,목,목,10:30,9:00,60,29
1264,전공,대학원,LAWS0727-001,월 1A1B2A월 2B3A3B,월,월,10:30,9:00,40,5
1265,전공,대학원,LAWS0733-001,화 2B3A3B목 1A1B2A,화,목,9:00,10:30,65,64
1266,전공,대학원,LAWS0734-001,화 1A1B2A목 2B3A3B,화,목,10:30,9:00,45,57
1267,전공,대학원,LAWS0734-003,화 1A1B2A목 2B3A3B,화,목,10:30,9:00,45,56
1268,전공,대학원,LAWS0744-001,화 1A1B2A목 2B3A3B,화,목,10:30,9:00,20,2
1269,전공,대학원,LAWS0764-002,화 2B3A3B목 1A1B2A,화,목,9:00,10:30,65,50
1270,전공,대학원,LAWS0799-001,화 1A1B2A목 2B3A3B,화,목,10:30,9:00,40,13
1271,전공,대학원,LAWS0806-001,목 1A1B2A목 2B3A3B,목,목,10:30,9:00,40,2
1272,전공,대학원,LAWS0855-001,월 2B3A3B수 1A1B2A,월,수,9:00,10:30,45,5
1273,전공,대학원,LAWS0855-002,월 2B3A3B수 1A1B2A,월,수,9:00,10:30,45,70
1274,전공,대학원,LAWS0855-003,월 2B3A3B수 1A1B2A,월,수,9:00,10:30,45,41
1275,전공,대학원,LAWS0858-001,수 1A1B2A수 2B3A3B,수,수,10:30,9:00,100,122
1276,전공,대학원,LAWS0863-001,목 1A1B2A목 2B3A3B,목,목,10:30,9:00,120,100
1277,전공,대학원,LAWS0877-001,화 1A1B2A화 2B3A3B,화,화,10:30,9:00,40,65
1278,전공,대학원,LAWS0877-002,월 1A1B2A월 2B3A3B,월,월,10:30,9:00,40,31
1279,전공,대학원,LAWS0881-001,화 1A1B2A금 2B3A3B,화,금,10:30,9:00,50,58
1280,전공,대학원,LAWS0881-002,화 2B3A3B금 1A1B2A,화,금,9:00,10:30,50,47
1281,전공,대학원,LAWS0907-001,월 1A1B2A월 2B3A3B,월,월,10:30,9:00,40,48
1282,전공,대학원,DASC0711-001,토 1A1B토 2A2B토 3A3B토 4A4B,토,토,10:00,9:00,50,21
1283,전공,대학원,SELC0201-001,화 0A0B화 1A1B금 0A0B금 1A1B,화,화,9:00,8:00,40,30
1284,,,SELC0201-002,월 0A0B월 1A1B수 3A3B수 4A4B,월,월,9:00,8:00,40,8
1285,전공,대학원,SELC0203-001,화 0A0B화 1A1B금 0A0B금 1A1B,화,화,9:00,8:00,40,20
1287,전공,대학원,CLTR0283-001,금 1A1B금 2A2B,금,금,10:00,9:00,70,68
1288,전공,대학원,CLTR0287-001,월 1A1B2A월 2B3A3B,월,월,10:30,9:00,70,70
1289,전공,대학원,CLTR0739-001,수 1A1B수 2A2B수 3A3B수 4A4B,수,수,10:00,9:00,50,49
1290,전공,대학원,CLTR0739-003,목 1A1B목 2A2B목 3A3B목 4A4B,목,목,10:00,9:00,50,42
1291,전공,대학원,CLTR0779-002,화 1A1B2A목 2B3A3B,화,목,10:30,9:00,60,60
1292,전공,대학원,CLTR0301-001,월 1A1B2A수 2B3A3B,월,수,10:30,9:00,30,33
1293,전공,대학원,CLTR0301-003,화 1A1B2A목 2B3A3B,화,목,10:30,9:00,30,34
1294,전공,대학원,CLTR0301-006,월 2B3A3B금 1A1B2A,월,금,9:00,10:30,30,18
1295,전공,대학원,CLTR0313-001,화 1A1B2A목 2B3A3B,화,목,10:30,9:00,40,41
1296,전공,대학원,CLTR0348-001,수 1A1B2A금 2B3A3B,수,금,10:30,9:00,40,36
1297,전공,대학원,CLTR0354-001,화 1A1B2A목 2B3A3B,화,목,10:30,9:00,70,59
1298,전공,대학원,CLTR0354-002,화 2B3A3B목 1A1B2A,화,목,9:00,10:30,70,21
1299,전공,대학원,CLTR0367-002,월 2B3A3B금 1A1B2A,월,금,9:00,10:30,70,33
1300,전공,대학원,CLTR0756-001,월 1A1B2A수 2B3A3B,월,수,10:30,9:00,70,28
1301,전공,대학원,CLTR0225-006,토 1A1B2A토 2B3A3B,토,토,10:30,9:00,1,35
1302,전공,대학원,CLTR0411-035,수 1A1B금 3A3B,수,금,11:00,9:00,20,20
1303,전공,대학원,CLTR0411-036,월 3A3B금 1A1B,월,금,9:00,11:00,20,22
1304,전공,대학원,CLTR0411-037,월 3A3B금 1A1B,월,금,9:00,11:00,20,20
1305,전공,대학원,CLTR0411-040,화 1A1B목 3A3B,화,목,11:00,9:00,20,18
1306,전공,대학원,CLTR0411-041,화 1A1B목 3A3B,화,목,11:00,9:00,20,20
1307,전공,대학원,CLTR0411-042,화 1A1B목 3A3B,화,목,11:00,9:00,20,19
1308,전공,대학원,CLTR0411-052,월 1A1B수 3A3B,월,수,11:00,9:00,20,22
1309,전공,대학원,CLTR0411-057,수 1A1B금 3A3B,수,금,11:00,9:00,20,20
1310,전공,대학원,CLTR0411-060,화 3A3B목 1A1B,화,목,9:00,11:00,20,19
1311,전공,대학원,CLTR0411-064,월 3A3B수 1A1B,월,수,9:00,11:00,20,20
1312,전공,대학원,CLTR0411-070,금 1A1B금 2A2B,금,금,10:00,9:00,20,19
1313,전공,대학원,CLTR0412-007,월 3A3B금 1A1B,월,금,9:00,11:00,20,21
1314,전공,대학원,CLTR0266-004,화 1A1B화 2A2B화 3A3B화 4A4B,화,화,10:00,9:00,40,38
1315,전공,대학원,CLTR0268-002,목 1A1B목 2A2B목 3A3B목 4A4B,목,목,10:00,9:00,40,34
1316,전공,대학원,CLTR0273-001,화 2B3A3B목 1A1B2A,화,목,9:00,10:30,70,68
1317,전공,대학원,CLTR0273-002,화 1A1B2A목 2B3A3B,화,목,10:30,9:00,70,63
1318,전공,대학원,CLTR0372-001,수 1A1B2A금 2B3A3B,수,금,10:30,9:00,70,68
1319,전공,대학원,CLTR0372-003,금 1A1B2A금 2B3A3B,금,금,10:30,9:00,70,63
1320,전공,대학원,CLTR0373-004,목 1A1B목 2A2B목 3A3B목 4A4B,목,목,10:00,9:00,40,38
1321,전공,대학원,CLTR0373-006,금 1A1B금 2A2B금 3A3B금 4A4B,금,금,10:00,9:00,40,40
1322,전공,대학원,TCHR0609-007,월 1A1B월 2A2B,월,월,10:00,9:00,40,9
